Time,header.seq,header.stamp.secs,header.stamp.nsecs,header.frame_id,name,position_0,position_1,position_2,position_3,velocity_0,velocity_1,velocity_2,velocity_3,effort_0,effort_1,effort_2,effort_3
1737149341.6140277,8640,1737149418,341820082,,"['front_left_wheel', 'front_right_wheel', 'rear_left_wheel', 'rear_right_wheel']",319.44276196244704,312.2410660205936,319.44276196244704,312.2410660205936,0.0,0.0,0.0,0.0,0.0,0.0,0.0,0.0
1737149341.6142879,8641,1737149418,440231430,,"['front_left_wheel', 'front_right_wheel', 'rear_left_wheel', 'rear_right_wheel']",319.44276196244704,312.2410660205936,319.44276196244704,312.2410660205936,0.0,0.0,0.0,0.0,0.0,0.0,0.0,0.0
1737149341.6144495,8642,1737149418,539800101,,"['front_left_wheel', 'front_right_wheel', 'rear_left_wheel', 'rear_right_wheel']",319.44276196244704,312.2410660205936,319.44276196244704,312.2410660205936,0.0,0.0,0.0,0.0,0.0,0.0,0.0,0.0
1737149341.614724,8643,1737149418,637788848,,"['front_left_wheel', 'front_right_wheel', 'rear_left_wheel', 'rear_right_wheel']",319.44276196244704,312.2410660205936,319.44276196244704,312.2410660205936,0.0,0.0,0.0,0.0,0.0,0.0,0.0,0.0
1737149341.6150475,8644,1737149418,737374734,,"['front_left_wheel', 'front_right_wheel', 'rear_left_wheel', 'rear_right_wheel']",319.44276196244704,312.2410660205936,319.44276196244704,312.2410660205936,0.0,0.0,0.0,0.0,0.0,0.0,0.0,0.0
1737149341.6154325,8645,1737149418,835991366,,"['front_left_wheel', 'front_right_wheel', 'rear_left_wheel', 'rear_right_wheel']",319.44276196244704,312.2410660205936,319.44276196244704,312.2410660205936,0.0,0.0,0.0,0.0,0.0,0.0,0.0,0.0
1737149341.6157765,8646,1737149418,935391478,,"['front_left_wheel', 'front_right_wheel', 'rear_left_wheel', 'rear_right_wheel']",319.44276196244704,312.2410660205936,319.44276196244704,312.2410660205936,0.0,0.0,0.0,0.0,0.0,0.0,0.0,0.0
1737149341.70708,8647,1737149419,45531613,,"['front_left_wheel', 'front_right_wheel', 'rear_left_wheel', 'rear_right_wheel']",319.44276196244704,312.2410660205936,319.44276196244704,312.2410660205936,0.0,0.0,0.0,0.0,0.0,0.0,0.0,0.0
1737149341.806161,8648,1737149419,144839556,,"['front_left_wheel', 'front_right_wheel', 'rear_left_wheel', 'rear_right_wheel']",319.44276196244704,312.2410660205936,319.44276196244704,312.2410660205936,0.0,0.0,0.0,0.0,0.0,0.0,0.0,0.0
1737149341.9050684,8649,1737149419,243108349,,"['front_left_wheel', 'front_right_wheel', 'rear_left_wheel', 'rear_right_wheel']",319.44276196244704,312.2410660205936,319.44276196244704,312.2410660205936,0.0,0.0,0.0,0.0,0.0,0.0,0.0,0.0
1737149342.0040421,8650,1737149419,342314590,,"['front_left_wheel', 'front_right_wheel', 'rear_left_wheel', 'rear_right_wheel']",319.44276196244704,312.2410660205936,319.44276196244704,312.2410660205936,0.0,0.0,0.0,0.0,0.0,0.0,0.0,0.0
1737149342.1031675,8651,1737149419,441476621,,"['front_left_wheel', 'front_right_wheel', 'rear_left_wheel', 'rear_right_wheel']",319.44276196244704,312.2410660205936,319.44276196244704,312.2410660205936,0.0,0.0,0.0,0.0,0.0,0.0,0.0,0.0
1737149342.2027595,8652,1737149419,540455562,,"['front_left_wheel', 'front_right_wheel', 'rear_left_wheel', 'rear_right_wheel']",319.44276196244704,312.2410660205936,319.44276196244704,312.2410660205936,0.0,0.0,0.0,0.0,0.0,0.0,0.0,0.0
1737149342.300809,8653,1737149419,639444946,,"['front_left_wheel', 'front_right_wheel', 'rear_left_wheel', 'rear_right_wheel']",319.44276196244704,312.2410660205936,319.44276196244704,312.2410660205936,0.0,0.0,0.0,0.0,0.0,0.0,0.0,0.0
1737149342.4002416,8654,1737149419,738618205,,"['front_left_wheel', 'front_right_wheel', 'rear_left_wheel', 'rear_right_wheel']",319.44276196244704,312.2410660205936,319.44276196244704,312.2410660205936,0.0,0.0,0.0,0.0,0.0,0.0,0.0,0.0
1737149342.4995596,8655,1737149419,837667233,,"['front_left_wheel', 'front_right_wheel', 'rear_left_wheel', 'rear_right_wheel']",319.44276196244704,312.2410660205936,319.44276196244704,312.2410660205936,0.0,0.0,0.0,0.0,0.0,0.0,0.0,0.0
1737149342.59872,8656,1737149419,936774292,,"['front_left_wheel', 'front_right_wheel', 'rear_left_wheel', 'rear_right_wheel']",319.44276196244704,312.2410660205936,319.44276196244704,312.2410660205936,0.0,0.0,0.0,0.0,0.0,0.0,0.0,0.0
1737149342.6963944,8657,1737149420,34833043,,"['front_left_wheel', 'front_right_wheel', 'rear_left_wheel', 'rear_right_wheel']",319.44276196244704,312.2410660205936,319.44276196244704,312.2410660205936,0.0,0.0,0.0,0.0,0.0,0.0,0.0,0.0
1737149342.807112,8658,1737149420,145281480,,"['front_left_wheel', 'front_right_wheel', 'rear_left_wheel', 'rear_right_wheel']",319.44276196244704,312.2410660205936,319.44276196244704,312.2410660205936,0.0,0.0,0.0,0.0,0.0,0.0,0.0,0.0
1737149342.9054768,8659,1737149420,243979836,,"['front_left_wheel', 'front_right_wheel', 'rear_left_wheel', 'rear_right_wheel']",319.44276196244704,312.2410660205936,319.44276196244704,312.2410660205936,0.0,0.0,0.0,0.0,0.0,0.0,0.0,0.0
1737149343.007559,8660,1737149420,343668419,,"['front_left_wheel', 'front_right_wheel', 'rear_left_wheel', 'rear_right_wheel']",319.44276196244704,312.2410660205936,319.44276196244704,312.2410660205936,0.0,0.0,0.0,0.0,0.0,0.0,0.0,0.0
1737149343.1042054,8661,1737149420,442401785,,"['front_left_wheel', 'front_right_wheel', 'rear_left_wheel', 'rear_right_wheel']",319.44276196244704,312.2410660205936,319.44276196244704,312.2410660205936,0.0,0.0,0.0,0.0,0.0,0.0,0.0,0.0
1737149343.203987,8662,1737149420,541294619,,"['front_left_wheel', 'front_right_wheel', 'rear_left_wheel', 'rear_right_wheel']",319.44276196244704,312.2410660205936,319.44276196244704,312.2410660205936,0.0,0.0,0.0,0.0,0.0,0.0,0.0,0.0
1737149343.3029435,8663,1737149420,640800500,,"['front_left_wheel', 'front_right_wheel', 'rear_left_wheel', 'rear_right_wheel']",319.44276196244704,312.2410660205936,319.44276196244704,312.2410660205936,0.0,0.0,0.0,0.0,0.0,0.0,0.0,0.0
1737149343.4004376,8664,1737149420,738958739,,"['front_left_wheel', 'front_right_wheel', 'rear_left_wheel', 'rear_right_wheel']",319.44276196244704,312.2410660205936,319.44276196244704,312.2410660205936,0.0,0.0,0.0,0.0,0.0,0.0,0.0,0.0
1737149343.5002916,8665,1737149420,838740015,,"['front_left_wheel', 'front_right_wheel', 'rear_left_wheel', 'rear_right_wheel']",319.44276196244704,312.2410660205936,319.44276196244704,312.2410660205936,0.0,0.0,0.0,0.0,0.0,0.0,0.0,0.0
1737149343.5993469,8666,1737149420,937797670,,"['front_left_wheel', 'front_right_wheel', 'rear_left_wheel', 'rear_right_wheel']",319.44276196244704,312.2410660205936,319.44276196244704,312.2410660205936,0.0,0.0,0.0,0.0,0.0,0.0,0.0,0.0
1737149343.697305,8667,1737149421,35834315,,"['front_left_wheel', 'front_right_wheel', 'rear_left_wheel', 'rear_right_wheel']",319.44276196244704,312.2410660205936,319.44276196244704,312.2410660205936,0.0,0.0,0.0,0.0,0.0,0.0,0.0,0.0
1737149343.7978685,8668,1737149421,135888638,,"['front_left_wheel', 'front_right_wheel', 'rear_left_wheel', 'rear_right_wheel']",319.44276196244704,312.2410660205936,319.44276196244704,312.2410660205936,0.0,0.0,0.0,0.0,0.0,0.0,0.0,0.0
1737149343.907621,8669,1737149421,245653111,,"['front_left_wheel', 'front_right_wheel', 'rear_left_wheel', 'rear_right_wheel']",319.44276196244704,312.2410660205936,319.44276196244704,312.2410660205936,0.0,0.0,0.0,0.0,0.0,0.0,0.0,0.0
1737149344.006368,8670,1737149421,344513291,,"['front_left_wheel', 'front_right_wheel', 'rear_left_wheel', 'rear_right_wheel']",319.44276196244704,312.2410660205936,319.44276196244704,312.2410660205936,0.0,0.0,0.0,0.0,0.0,0.0,0.0,0.0
1737149344.104901,8671,1737149421,443176125,,"['front_left_wheel', 'front_right_wheel', 'rear_left_wheel', 'rear_right_wheel']",319.44276196244704,312.2410660205936,319.44276196244704,312.2410660205936,0.0,0.0,0.0,0.0,0.0,0.0,0.0,0.0
1737149344.2045891,8672,1737149421,542687192,,"['front_left_wheel', 'front_right_wheel', 'rear_left_wheel', 'rear_right_wheel']",319.44276196244704,312.2410660205936,319.44276196244704,312.2410660205936,0.0,0.0,0.0,0.0,0.0,0.0,0.0,0.0
1737149344.3029761,8673,1737149421,641216983,,"['front_left_wheel', 'front_right_wheel', 'rear_left_wheel', 'rear_right_wheel']",319.44276196244704,312.2410660205936,319.44276196244704,312.2410660205936,0.0,0.0,0.0,0.0,0.0,0.0,0.0,0.0
1737149344.402519,8674,1737149421,740091504,,"['front_left_wheel', 'front_right_wheel', 'rear_left_wheel', 'rear_right_wheel']",319.44276196244704,312.2410660205936,319.44276196244704,312.2410660205936,0.0,0.0,0.0,0.0,0.0,0.0,0.0,0.0
1737149344.5024803,8675,1737149421,839821861,,"['front_left_wheel', 'front_right_wheel', 'rear_left_wheel', 'rear_right_wheel']",319.44276196244704,312.2410660205936,319.44276196244704,312.2410660205936,0.0,0.0,0.0,0.0,0.0,0.0,0.0,0.0
1737149344.599099,8676,1737149421,937800746,,"['front_left_wheel', 'front_right_wheel', 'rear_left_wheel', 'rear_right_wheel']",319.44276196244704,312.2410660205936,319.44276196244704,312.2410660205936,0.0,0.0,0.0,0.0,0.0,0.0,0.0,0.0
1737149344.6990612,8677,1737149422,37525111,,"['front_left_wheel', 'front_right_wheel', 'rear_left_wheel', 'rear_right_wheel']",319.44276196244704,312.2410660205936,319.44276196244704,312.2410660205936,0.0,0.0,0.0,0.0,0.0,0.0,0.0,0.0
1737149344.798306,8678,1737149422,136342229,,"['front_left_wheel', 'front_right_wheel', 'rear_left_wheel', 'rear_right_wheel']",319.44276196244704,312.2410660205936,319.44276196244704,312.2410660205936,0.0,0.0,0.0,0.0,0.0,0.0,0.0,0.0
1737149344.8971725,8679,1737149422,235812316,,"['front_left_wheel', 'front_right_wheel', 'rear_left_wheel', 'rear_right_wheel']",319.44276196244704,312.2410660205936,319.44276196244704,312.2410660205936,0.0,0.0,0.0,0.0,0.0,0.0,0.0,0.0
1737149345.0069082,8680,1737149422,345430261,,"['front_left_wheel', 'front_right_wheel', 'rear_left_wheel', 'rear_right_wheel']",319.44276196244704,312.2410660205936,319.44276196244704,312.2410660205936,0.0,0.0,0.0,0.0,0.0,0.0,0.0,0.0
1737149345.105209,8681,1737149422,443970811,,"['front_left_wheel', 'front_right_wheel', 'rear_left_wheel', 'rear_right_wheel']",319.44276196244704,312.2410660205936,319.44276196244704,312.2410660205936,0.0,0.0,0.0,0.0,0.0,0.0,0.0,0.0
1737149345.2050023,8682,1737149422,543577939,,"['front_left_wheel', 'front_right_wheel', 'rear_left_wheel', 'rear_right_wheel']",319.44276196244704,312.2410660205936,319.44276196244704,312.2410660205936,0.0,0.0,0.0,0.0,0.0,0.0,0.0,0.0
1737149345.302964,8683,1737149422,641866992,,"['front_left_wheel', 'front_right_wheel', 'rear_left_wheel', 'rear_right_wheel']",319.44276196244704,312.2410660205936,319.44276196244704,312.2410660205936,0.0,0.0,0.0,0.0,0.0,0.0,0.0,0.0
1737149345.4033508,8684,1737149422,741338524,,"['front_left_wheel', 'front_right_wheel', 'rear_left_wheel', 'rear_right_wheel']",319.44276196244704,312.2410660205936,319.44276196244704,312.2410660205936,0.0,0.0,0.0,0.0,0.0,0.0,0.0,0.0
1737149345.5025184,8685,1737149422,840094458,,"['front_left_wheel', 'front_right_wheel', 'rear_left_wheel', 'rear_right_wheel']",319.44276196244704,312.2410660205936,319.44276196244704,312.2410660205936,0.0,0.0,0.0,0.0,0.0,0.0,0.0,0.0
1737149345.602699,8686,1737149422,939824650,,"['front_left_wheel', 'front_right_wheel', 'rear_left_wheel', 'rear_right_wheel']",319.44276196244704,312.2410660205936,319.44276196244704,312.2410660205936,0.0,0.0,0.0,0.0,0.0,0.0,0.0,0.0
1737149345.7004933,8687,1737149423,37973684,,"['front_left_wheel', 'front_right_wheel', 'rear_left_wheel', 'rear_right_wheel']",319.44276196244704,312.2410660205936,319.44276196244704,312.2410660205936,0.0,0.0,0.0,0.0,0.0,0.0,0.0,0.0
1737149345.79833,8688,1737149423,136945686,,"['front_left_wheel', 'front_right_wheel', 'rear_left_wheel', 'rear_right_wheel']",319.44276196244704,312.2410660205936,319.44276196244704,312.2410660205936,0.0,0.0,0.0,0.0,0.0,0.0,0.0,0.0
1737149345.8978338,8689,1737149423,236414461,,"['front_left_wheel', 'front_right_wheel', 'rear_left_wheel', 'rear_right_wheel']",319.49121744397337,312.2895215021199,319.49121744397337,312.2895215021199,1.6959418534221686,1.8776499091459722,1.6959418534221686,1.8776499091459722,0.0,0.0,0.0,0.0
1737149345.996805,8690,1737149423,335634210,,"['front_left_wheel', 'front_right_wheel', 'rear_left_wheel', 'rear_right_wheel']",319.6305269533616,312.44700181708055,319.6305269533616,312.44700181708055,2.301635372501514,2.483343428225318,2.301635372501514,2.483343428225318,0.0,0.0,0.0,0.0
1737149346.1067586,8691,1737149423,445408786,,"['front_left_wheel', 'front_right_wheel', 'rear_left_wheel', 'rear_right_wheel']",319.93337371290124,312.7801332525742,319.93337371290124,312.7801332525742,2.2410660205935797,2.5439127801332524,2.2410660205935797,2.5439127801332524,0.0,0.0,0.0,0.0
1737149346.2058303,8692,1737149423,544270834,,"['front_left_wheel', 'front_right_wheel', 'rear_left_wheel', 'rear_right_wheel']",320.14536644457905,313.01029678982434,320.14536644457905,313.01029678982434,2.2410660205935797,2.5439127801332524,2.2410660205935797,2.5439127801332524,0.0,0.0,0.0,0.0
1737149346.305052,8693,1737149423,643708322,,"['front_left_wheel', 'front_right_wheel', 'rear_left_wheel', 'rear_right_wheel']",320.38158691702,313.30102967898245,320.38158691702,313.30102967898245,2.180496668685645,2.6044821320411873,2.180496668685645,2.6044821320411873,0.0,0.0,0.0,0.0
1737149346.4034002,8694,1737149423,742245986,,"['front_left_wheel', 'front_right_wheel', 'rear_left_wheel', 'rear_right_wheel']",320.5632949727438,313.5009085402786,320.5632949727438,313.5009085402786,2.180496668685645,2.6044821320411873,2.180496668685645,2.6044821320411873,0.0,0.0,0.0,0.0
1737149346.5031185,8695,1737149423,841223207,,"['front_left_wheel', 'front_right_wheel', 'rear_left_wheel', 'rear_right_wheel']",320.81162931556634,313.80981223500913,320.81162931556634,313.80981223500913,2.1199273167777104,2.6650514839491217,2.1199273167777104,2.6650514839491217,0.0,0.0,0.0,0.0
1737149346.6016717,8696,1737149423,940121523,,"['front_left_wheel', 'front_right_wheel', 'rear_left_wheel', 'rear_right_wheel']",320.9812235009085,314.02786190187766,320.9812235009085,314.02786190187766,2.1199273167777104,2.6650514839491217,2.1199273167777104,2.6650514839491217,0.0,0.0,0.0,0.0
1737149346.7002087,8697,1737149424,38925928,,"['front_left_wheel', 'front_right_wheel', 'rear_left_wheel', 'rear_right_wheel']",321.2235009085403,314.34282253179896,321.2235009085403,314.34282253179896,2.059357964869776,2.7256208358570566,2.059357964869776,2.7256208358570566,0.0,0.0,0.0,0.0
1737149346.8005397,8698,1737149424,138842063,,"['front_left_wheel', 'front_right_wheel', 'rear_left_wheel', 'rear_right_wheel']",321.3930950938825,314.6214415505754,321.3930950938825,314.6214415505754,2.059357964869776,2.7256208358570566,2.059357964869776,2.7256208358570566,0.0,0.0,0.0,0.0
1737149346.8991768,8699,1737149424,237453726,,"['front_left_wheel', 'front_right_wheel', 'rear_left_wheel', 'rear_right_wheel']",321.62931556632344,314.88188976377955,321.62931556632344,314.88188976377955,1.9987886129618415,2.786190187764991,1.9987886129618415,2.786190187764991,0.0,0.0,0.0,0.0
1737149346.9979885,8700,1737149424,336540787,,"['front_left_wheel', 'front_right_wheel', 'rear_left_wheel', 'rear_right_wheel']",321.82919442761965,315.1483949121744,321.82919442761965,315.1483949121744,1.9987886129618415,2.786190187764991,1.9987886129618415,2.786190187764991,0.0,0.0,0.0,0.0
1737149347.096876,8701,1737149424,435277123,,"['front_left_wheel', 'front_right_wheel', 'rear_left_wheel', 'rear_right_wheel']",321.9806178073895,315.3785584494246,321.9806178073895,315.3785584494246,1.9382192610539069,2.8467595396729255,1.9382192610539069,2.8467595396729255,0.0,0.0,0.0,0.0
1737149347.2074015,8702,1737149424,545681246,,"['front_left_wheel', 'front_right_wheel', 'rear_left_wheel', 'rear_right_wheel']",322.20472440944883,315.71168988491826,322.20472440944883,315.71168988491826,1.8776499091459722,2.90732889158086,1.8776499091459722,2.90732889158086,0.0,0.0,0.0,0.0
1737149347.3060226,8703,1737149424,644825145,,"['front_left_wheel', 'front_right_wheel', 'rear_left_wheel', 'rear_right_wheel']",322.41066020593576,316.0205935796487,322.41066020593576,316.0205935796487,1.8776499091459722,2.90732889158086,1.8776499091459722,2.90732889158086,0.0,0.0,0.0,0.0
1737149347.40515,8704,1737149424,743686501,,"['front_left_wheel', 'front_right_wheel', 'rear_left_wheel', 'rear_right_wheel']",322.58025439127806,316.35372501514235,322.58025439127806,316.35372501514235,1.8170805572380375,2.967898243488795,1.8170805572380375,2.967898243488795,0.0,0.0,0.0,0.0
1737149347.5033832,8705,1737149424,841820534,,"['front_left_wheel', 'front_right_wheel', 'rear_left_wheel', 'rear_right_wheel']",322.7619624470018,316.5778316172017,322.7619624470018,316.5778316172017,1.8170805572380375,2.967898243488795,1.8170805572380375,2.967898243488795,0.0,0.0,0.0,0.0
1737149347.6030545,8706,1737149424,941334339,,"['front_left_wheel', 'front_right_wheel', 'rear_left_wheel', 'rear_right_wheel']",322.96789824348883,316.91701998788614,322.96789824348883,316.91701998788614,1.6959418534221686,3.0284675953967293,1.6959418534221686,3.0284675953967293,0.0,0.0,0.0,0.0
1737149347.7020094,8707,1737149425,40168320,,"['front_left_wheel', 'front_right_wheel', 'rear_left_wheel', 'rear_right_wheel']",323.1011508176863,317.14718352513626,323.1011508176863,317.14718352513626,1.6959418534221686,3.0284675953967293,1.6959418534221686,3.0284675953967293,0.0,0.0,0.0,0.0
1737149347.8002875,8708,1737149425,138980282,,"['front_left_wheel', 'front_right_wheel', 'rear_left_wheel', 'rear_right_wheel']",323.30102967898245,317.4924288310115,323.30102967898245,317.4924288310115,1.6959418534221686,3.089036947304664,1.6959418534221686,3.089036947304664,0.0,0.0,0.0,0.0
1737149347.9013193,8709,1737149425,238767778,,"['front_left_wheel', 'front_right_wheel', 'rear_left_wheel', 'rear_right_wheel']",323.42822531798913,317.8437310720775,323.42822531798913,317.8437310720775,1.6959418534221686,3.089036947304664,1.6959418534221686,3.089036947304664,0.0,0.0,0.0,0.0
1737149347.9994798,8710,1737149425,337638508,,"['front_left_wheel', 'front_right_wheel', 'rear_left_wheel', 'rear_right_wheel']",323.6220472440945,318.0981223500909,323.6220472440945,318.0981223500909,1.635372501514234,3.1496062992125986,1.635372501514234,3.1496062992125986,0.0,0.0,0.0,0.0
1737149348.097914,8711,1737149425,436588556,,"['front_left_wheel', 'front_right_wheel', 'rear_left_wheel', 'rear_right_wheel']",323.8037552998183,318.4433676559661,323.8037552998183,318.4433676559661,1.635372501514234,3.1496062992125986,1.635372501514234,3.1496062992125986,0.0,0.0,0.0,0.0
1737149348.1970718,8712,1737149425,535871075,,"['front_left_wheel', 'front_right_wheel', 'rear_left_wheel', 'rear_right_wheel']",323.930950938825,318.67958812840703,323.930950938825,318.67958812840703,1.5748031496062993,3.210175651120533,1.5748031496062993,3.210175651120533,0.0,0.0,0.0,0.0
1737149348.306104,8713,1737149425,644863382,,"['front_left_wheel', 'front_right_wheel', 'rear_left_wheel', 'rear_right_wheel']",324.10660205935795,319.04906117504544,324.10660205935795,319.04906117504544,1.5748031496062993,3.210175651120533,1.5748031496062993,3.210175651120533,0.0,0.0,0.0,0.0
1737149348.405269,8714,1737149425,743884885,,"['front_left_wheel', 'front_right_wheel', 'rear_left_wheel', 'rear_right_wheel']",324.282253179891,319.41853422168384,324.282253179891,319.41853422168384,1.5142337976983646,3.270745003028468,1.5142337976983646,3.270745003028468,0.0,0.0,0.0,0.0
1737149348.5048192,8715,1737149425,843257840,,"['front_left_wheel', 'front_right_wheel', 'rear_left_wheel', 'rear_right_wheel']",324.40339188370683,319.678982434888,324.40339188370683,319.678982434888,1.5142337976983646,3.270745003028468,1.5142337976983646,3.270745003028468,0.0,0.0,0.0,0.0
1737149348.6045146,8716,1737149425,942746055,,"['front_left_wheel', 'front_right_wheel', 'rear_left_wheel', 'rear_right_wheel']",324.5729860690491,320.06662628709876,324.5729860690491,320.06662628709876,1.45366444579043,3.3313143549364024,1.45366444579043,3.3313143549364024,0.0,0.0,0.0,0.0
1737149348.7031178,8717,1737149426,41718060,,"['front_left_wheel', 'front_right_wheel', 'rear_left_wheel', 'rear_right_wheel']",324.7304663840097,320.42398546335556,324.7304663840097,320.42398546335556,1.3930950938824955,3.3918837068443373,1.3930950938824955,3.3918837068443373,0.0,0.0,0.0,0.0
1737149348.8022273,8718,1737149426,140231414,,"['front_left_wheel', 'front_right_wheel', 'rear_left_wheel', 'rear_right_wheel']",324.85766202301636,320.73288915808604,324.85766202301636,320.73288915808604,1.3930950938824955,3.3918837068443373,1.3930950938824955,3.3918837068443373,0.0,0.0,0.0,0.0
1737149348.9012446,8719,1737149426,239584659,,"['front_left_wheel', 'front_right_wheel', 'rear_left_wheel', 'rear_right_wheel']",324.9969715324046,321.06602059357965,324.9969715324046,321.06602059357965,1.3325257419745609,3.3918837068443373,1.3325257419745609,3.3918837068443373,0.0,0.0,0.0,0.0
1737149348.9988503,8720,1737149426,337829852,,"['front_left_wheel', 'front_right_wheel', 'rear_left_wheel', 'rear_right_wheel']",325.1241671714113,321.45972138098125,325.1241671714113,321.45972138098125,1.3325257419745609,3.3918837068443373,1.3325257419745609,3.3918837068443373,0.0,0.0,0.0,0.0
1737149349.0988858,8721,1737149426,437734019,,"['front_left_wheel', 'front_right_wheel', 'rear_left_wheel', 'rear_right_wheel']",325.2513628104179,321.74439733494853,325.2513628104179,321.74439733494853,1.2719563900666262,3.4524530587522713,1.2719563900666262,3.4524530587522713,0.0,0.0,0.0,0.0
1737149349.1975262,8722,1737149426,535853628,,"['front_left_wheel', 'front_right_wheel', 'rear_left_wheel', 'rear_right_wheel']",325.3906723198062,322.12598425196853,325.3906723198062,322.12598425196853,1.2719563900666262,3.4524530587522713,1.2719563900666262,3.4524530587522713,0.0,0.0,0.0,0.0
1737149349.2961075,8723,1737149426,634993073,,"['front_left_wheel', 'front_right_wheel', 'rear_left_wheel', 'rear_right_wheel']",325.4996971532405,322.4409448818898,325.4996971532405,322.4409448818898,1.2113870381586918,3.5735917625681406,1.2113870381586918,3.5735917625681406,0.0,0.0,0.0,0.0
1737149349.4070408,8724,1737149426,745494784,,"['front_left_wheel', 'front_right_wheel', 'rear_left_wheel', 'rear_right_wheel']",325.63900666262873,322.8588734100545,325.63900666262873,322.8588734100545,1.2113870381586918,3.5735917625681406,1.2113870381586918,3.5735917625681406,0.0,0.0,0.0,0.0
1737149349.507771,8725,1737149426,844490785,,"['front_left_wheel', 'front_right_wheel', 'rear_left_wheel', 'rear_right_wheel']",325.7601453664446,323.21017565112055,325.7601453664446,323.21017565112055,1.150817686250757,3.634161114476075,1.150817686250757,3.634161114476075,0.0,0.0,0.0,0.0
1737149349.6054559,8726,1737149426,943530117,,"['front_left_wheel', 'front_right_wheel', 'rear_left_wheel', 'rear_right_wheel']",325.8752271350697,323.5857056329497,325.8752271350697,323.5857056329497,1.150817686250757,3.634161114476075,1.150817686250757,3.634161114476075,0.0,0.0,0.0,0.0
1737149349.7032301,8727,1737149427,41851827,,"['front_left_wheel', 'front_right_wheel', 'rear_left_wheel', 'rear_right_wheel']",325.97819503331317,323.90066626287097,325.97819503331317,323.90066626287097,1.0902483343428224,3.6947304663840095,1.0902483343428224,3.6947304663840095,0.0,0.0,0.0,0.0
1737149349.8028984,8728,1737149427,141486490,,"['front_left_wheel', 'front_right_wheel', 'rear_left_wheel', 'rear_right_wheel']",326.10539067231986,324.31859479103576,326.10539067231986,324.31859479103576,1.0902483343428224,3.6947304663840095,1.0902483343428224,3.6947304663840095,0.0,0.0,0.0,0.0
1737149349.9014447,8729,1737149427,239829133,,"['front_left_wheel', 'front_right_wheel', 'rear_left_wheel', 'rear_right_wheel']",326.18413082980015,324.60932768019387,326.18413082980015,324.60932768019387,1.029678982434888,3.7552998182919444,1.029678982434888,3.7552998182919444,0.0,0.0,0.0,0.0
1737149350.0006657,8730,1737149427,339248029,,"['front_left_wheel', 'front_right_wheel', 'rear_left_wheel', 'rear_right_wheel']",326.2992125984252,325.05148394912175,326.2992125984252,325.05148394912175,0.9691096305269534,3.815869170199879,0.9691096305269534,3.815869170199879,0.0,0.0,0.0,0.0
1737149350.0996373,8731,1737149427,438675019,,"['front_left_wheel', 'front_right_wheel', 'rear_left_wheel', 'rear_right_wheel']",326.3900666262871,325.4149000605694,326.3900666262871,325.4149000605694,0.9691096305269534,3.815869170199879,0.9691096305269534,3.815869170199879,0.0,0.0,0.0,0.0
1737149350.1981182,8732,1737149427,537173763,,"['front_left_wheel', 'front_right_wheel', 'rear_left_wheel', 'rear_right_wheel']",326.48092065414903,325.7601453664446,326.48092065414903,325.7601453664446,0.9085402786190188,3.8764385221078137,0.9085402786190188,3.8764385221078137,0.0,0.0,0.0,0.0
1737149350.2977393,8733,1737149427,636217267,,"['front_left_wheel', 'front_right_wheel', 'rear_left_wheel', 'rear_right_wheel']",326.58388855239247,326.2023016353725,326.58388855239247,326.2023016353725,0.9085402786190188,3.8764385221078137,0.9085402786190188,3.8764385221078137,0.0,0.0,0.0,0.0
1737149350.3967764,8734,1737149427,735517987,,"['front_left_wheel', 'front_right_wheel', 'rear_left_wheel', 'rear_right_wheel']",326.656571774682,326.4990914597214,326.656571774682,326.4990914597214,0.8479709267110843,3.937007874015748,0.8479709267110843,3.937007874015748,0.0,0.0,0.0,0.0
1737149350.5065758,8735,1737149427,845420737,,"['front_left_wheel', 'front_right_wheel', 'rear_left_wheel', 'rear_right_wheel']",326.7534827377347,326.9594185342217,326.7534827377347,326.9594185342217,0.8479709267110843,3.937007874015748,0.8479709267110843,3.937007874015748,0.0,0.0,0.0,0.0
1737149350.606116,8736,1737149427,944564803,,"['front_left_wheel', 'front_right_wheel', 'rear_left_wheel', 'rear_right_wheel']",326.8443367655966,327.3955178679588,326.8443367655966,327.3955178679588,0.7874015748031497,3.997577225923683,0.7874015748031497,3.997577225923683,0.0,0.0,0.0,0.0
1737149350.7042444,8737,1737149428,43297018,,"['front_left_wheel', 'front_right_wheel', 'rear_left_wheel', 'rear_right_wheel']",326.9109630526953,327.75287704421567,326.9109630526953,327.75287704421567,0.7874015748031497,3.997577225923683,0.7874015748031497,3.997577225923683,0.0,0.0,0.0,0.0
1737149350.8032694,8738,1737149428,142301003,,"['front_left_wheel', 'front_right_wheel', 'rear_left_wheel', 'rear_right_wheel']",326.98970321017566,328.1586917019988,326.98970321017566,328.1586917019988,0.726832222895215,4.058146577831618,0.726832222895215,4.058146577831618,0.0,0.0,0.0,0.0
1737149350.90275,8739,1737149428,241302994,,"['front_left_wheel', 'front_right_wheel', 'rear_left_wheel', 'rear_right_wheel']",327.0623864324652,328.6190187764991,327.0623864324652,328.6190187764991,0.726832222895215,4.058146577831618,0.726832222895215,4.058146577831618,0.0,0.0,0.0,0.0
1737149351.0009098,8740,1737149428,339949161,,"['front_left_wheel', 'front_right_wheel', 'rear_left_wheel', 'rear_right_wheel']",327.1290127195639,328.9279224712295,327.1290127195639,328.9279224712295,0.6662628709872804,4.118715929739552,0.6662628709872804,4.118715929739552,0.0,0.0,0.0,0.0
1737149351.101035,8741,1737149428,439855888,,"['front_left_wheel', 'front_right_wheel', 'rear_left_wheel', 'rear_right_wheel']",327.2016959418534,329.4003634161115,327.2016959418534,329.4003634161115,0.6662628709872804,4.118715929739552,0.6662628709872804,4.118715929739552,0.0,0.0,0.0,0.0
1737149351.2002332,8742,1737149428,538733383,,"['front_left_wheel', 'front_right_wheel', 'rear_left_wheel', 'rear_right_wheel']",327.2562083585706,329.7577225923683,327.2562083585706,329.7577225923683,0.6056935190793459,4.179285281647486,0.6056935190793459,4.179285281647486,0.0,0.0,0.0,0.0
1737149351.2987466,8743,1737149428,637586518,,"['front_left_wheel', 'front_right_wheel', 'rear_left_wheel', 'rear_right_wheel']",327.3228346456693,330.1877649909146,327.3228346456693,330.1877649909146,0.6056935190793459,4.179285281647486,0.6056935190793459,4.179285281647486,0.0,0.0,0.0,0.0
1737149351.3970456,8744,1737149428,735925253,,"['front_left_wheel', 'front_right_wheel', 'rear_left_wheel', 'rear_right_wheel']",327.38946093276803,330.6662628709873,327.38946093276803,330.6662628709873,0.5451241671714112,4.239854633555421,0.5451241671714112,4.239854633555421,0.0,0.0,0.0,0.0
1737149351.4969106,8745,1737149428,835879663,,"['front_left_wheel', 'front_right_wheel', 'rear_left_wheel', 'rear_right_wheel']",327.43185947910354,330.98728043609935,327.43185947910354,330.98728043609935,0.4845548152634767,4.300423985463356,0.4845548152634767,4.300423985463356,0.0,0.0,0.0,0.0
1737149351.6065514,8746,1737149428,945336764,,"['front_left_wheel', 'front_right_wheel', 'rear_left_wheel', 'rear_right_wheel']",327.4863718958207,331.4778921865536,327.4863718958207,331.4778921865536,0.4845548152634767,4.300423985463356,0.4845548152634767,4.300423985463356,0.0,0.0,0.0,0.0
1737149351.7062469,8747,1737149429,44594819,,"['front_left_wheel', 'front_right_wheel', 'rear_left_wheel', 'rear_right_wheel']",327.5348273773471,331.97456087219865,327.5348273773471,331.97456087219865,0.42398546335554216,4.36099333737129,0.42398546335554216,4.36099333737129,0.0,0.0,0.0,0.0
1737149351.8046954,8748,1737149429,143507317,,"['front_left_wheel', 'front_right_wheel', 'rear_left_wheel', 'rear_right_wheel']",327.56511205330105,332.3016353725015,327.56511205330105,332.3016353725015,0.42398546335554216,4.36099333737129,0.42398546335554216,4.36099333737129,0.0,0.0,0.0,0.0
1737149351.9037368,8749,1737149429,242135785,,"['front_left_wheel', 'front_right_wheel', 'rear_left_wheel', 'rear_right_wheel']",327.6135675348274,332.81647486371895,327.6135675348274,332.81647486371895,0.3634161114476075,4.421562689279225,0.3634161114476075,4.421562689279225,0.0,0.0,0.0,0.0
1737149352.002939,8750,1737149429,341022125,,"['front_left_wheel', 'front_right_wheel', 'rear_left_wheel', 'rear_right_wheel']",327.64385221078135,333.3070866141733,327.64385221078135,333.3070866141733,0.3634161114476075,4.421562689279225,0.3634161114476075,4.421562689279225,0.0,0.0,0.0,0.0
1737149352.1016886,8751,1737149429,440234720,,"['front_left_wheel', 'front_right_wheel', 'rear_left_wheel', 'rear_right_wheel']",327.68019382192614,333.64627498485765,327.68019382192614,333.64627498485765,0.30284675953967294,4.4821320411871595,0.30284675953967294,4.4821320411871595,0.0,0.0,0.0,0.0
1737149352.2001317,8752,1737149429,538829292,,"['front_left_wheel', 'front_right_wheel', 'rear_left_wheel', 'rear_right_wheel']",327.7165354330709,334.1550575408843,327.7165354330709,334.1550575408843,0.30284675953967294,4.4821320411871595,0.30284675953967294,4.4821320411871595,0.0,0.0,0.0,0.0
1737149352.2989693,8753,1737149429,637908507,,"['front_left_wheel', 'front_right_wheel', 'rear_left_wheel', 'rear_right_wheel']",327.73470623864324,334.50030284675955,327.73470623864324,334.50030284675955,0.24227740763173836,4.542701393095094,0.24227740763173836,4.542701393095094,0.0,0.0,0.0,0.0
1737149352.3985074,8754,1737149429,737121917,,"['front_left_wheel', 'front_right_wheel', 'rear_left_wheel', 'rear_right_wheel']",327.7649909145972,335.0211992731678,327.7649909145972,335.0211992731678,0.24227740763173836,4.542701393095094,0.24227740763173836,4.542701393095094,0.0,0.0,0.0,0.0
1737149352.497653,8755,1737149429,836676345,,"['front_left_wheel', 'front_right_wheel', 'rear_left_wheel', 'rear_right_wheel']",327.7831617201696,335.53603876438524,327.7831617201696,335.53603876438524,0.18170805572380375,4.603270745003028,0.18170805572380375,4.603270745003028,0.0,0.0,0.0,0.0
1737149352.5966232,8756,1737149429,935510158,,"['front_left_wheel', 'front_right_wheel', 'rear_left_wheel', 'rear_right_wheel']",327.80133252574194,335.923682616596,327.80133252574194,335.923682616596,0.18170805572380375,4.603270745003028,0.18170805572380375,4.603270745003028,0.0,0.0,0.0,0.0
1737149352.705842,8757,1737149430,44857009,,"['front_left_wheel', 'front_right_wheel', 'rear_left_wheel', 'rear_right_wheel']",327.81950333131437,336.46880678376743,327.81950333131437,336.46880678376743,0.12113870381586918,4.663840096910963,0.12113870381586918,4.663840096910963,0.0,0.0,0.0,0.0
1737149352.8056624,8758,1737149430,144668578,,"['front_left_wheel', 'front_right_wheel', 'rear_left_wheel', 'rear_right_wheel']",327.83161720169596,336.9473046638401,327.83161720169596,336.9473046638401,0.12113870381586918,4.663840096910963,0.12113870381586918,4.663840096910963,0.0,0.0,0.0,0.0
1737149352.9048889,8759,1737149430,243349433,,"['front_left_wheel', 'front_right_wheel', 'rear_left_wheel', 'rear_right_wheel']",327.84373107207756,337.40157480314963,327.84373107207756,337.40157480314963,0.06056935190793459,4.724409448818898,0.06056935190793459,4.724409448818898,0.0,0.0,0.0,0.0
1737149353.0031567,8760,1737149430,342086921,,"['front_left_wheel', 'front_right_wheel', 'rear_left_wheel', 'rear_right_wheel']",327.84978800726833,337.8437310720775,327.84978800726833,337.8437310720775,0.0,4.784978800726832,0.0,4.784978800726832,0.0,0.0,0.0,0.0
1737149353.1029928,8761,1737149430,440950898,,"['front_left_wheel', 'front_right_wheel', 'rear_left_wheel', 'rear_right_wheel']",327.87401574803147,338.24348879466993,327.87401574803147,338.24348879466993,0.0,4.784978800726832,0.0,4.784978800726832,0.0,0.0,0.0,0.0
1737149353.2010746,8762,1737149430,540165398,,"['front_left_wheel', 'front_right_wheel', 'rear_left_wheel', 'rear_right_wheel']",327.9043004239855,338.80678376741366,327.9043004239855,338.80678376741366,0.0,4.845548152634767,0.0,4.845548152634767,0.0,0.0,0.0,0.0
1737149353.3017755,8763,1737149430,639764364,,"['front_left_wheel', 'front_right_wheel', 'rear_left_wheel', 'rear_right_wheel']",327.92247122955786,339.30345245305875,327.92247122955786,339.30345245305875,0.0,4.845548152634767,0.0,4.845548152634767,0.0,0.0,0.0,0.0
1737149353.399346,8764,1737149430,737869067,,"['front_left_wheel', 'front_right_wheel', 'rear_left_wheel', 'rear_right_wheel']",327.9285281647486,339.7698364627498,327.9285281647486,339.7698364627498,-0.06056935190793459,4.906117504542702,-0.06056935190793459,4.906117504542702,0.0,0.0,0.0,0.0
1737149353.4995914,8765,1737149430,837715781,,"['front_left_wheel', 'front_right_wheel', 'rear_left_wheel', 'rear_right_wheel']",327.92247122955786,340.23622047244095,327.92247122955786,340.23622047244095,-0.06056935190793459,4.906117504542702,-0.06056935190793459,4.906117504542702,0.0,0.0,0.0,0.0
1737149353.63006,8766,1737149430,935864817,,"['front_left_wheel', 'front_right_wheel', 'rear_left_wheel', 'rear_right_wheel']",327.91035735917626,340.79951544518474,327.91035735917626,340.79951544518474,-0.12113870381586918,4.966686856450636,-0.12113870381586918,4.966686856450636,0.0,0.0,0.0,0.0
1737149353.7005665,8767,1737149431,35689217,,"['front_left_wheel', 'front_right_wheel', 'rear_left_wheel', 'rear_right_wheel']",327.8982434887947,341.17504542701397,327.8982434887947,341.17504542701397,-0.12113870381586918,4.966686856450636,-0.12113870381586918,4.966686856450636,0.0,0.0,0.0,0.0
1737149353.8070984,8768,1737149431,145692889,,"['front_left_wheel', 'front_right_wheel', 'rear_left_wheel', 'rear_right_wheel']",327.88612961841307,341.74439733494853,327.88612961841307,341.74439733494853,-0.18170805572380375,5.027256208358571,-0.18170805572380375,5.027256208358571,0.0,0.0,0.0,0.0
1737149353.9054906,8769,1737149431,244142655,,"['front_left_wheel', 'front_right_wheel', 'rear_left_wheel', 'rear_right_wheel']",327.8619018776499,342.3137492428831,327.8619018776499,342.3137492428831,-0.18170805572380375,5.027256208358571,-0.18170805572380375,5.027256208358571,0.0,0.0,0.0,0.0
1737149354.0042932,8770,1737149431,342922277,,"['front_left_wheel', 'front_right_wheel', 'rear_left_wheel', 'rear_right_wheel']",327.84978800726833,342.73773470623865,327.84978800726833,342.73773470623865,-0.24227740763173836,5.087825560266505,-0.24227740763173836,5.087825560266505,0.0,0.0,0.0,0.0
1737149354.1032124,8771,1737149431,442238982,,"['front_left_wheel', 'front_right_wheel', 'rear_left_wheel', 'rear_right_wheel']",327.81950333131437,343.2828588734101,327.81950333131437,343.2828588734101,-0.24227740763173836,5.087825560266505,-0.24227740763173836,5.087825560266505,0.0,0.0,0.0,0.0
1737149354.2024057,8772,1737149431,540985401,,"['front_left_wheel', 'front_right_wheel', 'rear_left_wheel', 'rear_right_wheel']",327.80133252574194,343.66444579043,327.80133252574194,343.66444579043,-0.30284675953967294,5.14839491217444,-0.30284675953967294,5.14839491217444,0.0,0.0,0.0,0.0
1737149354.3016512,8773,1737149431,640108881,,"['front_left_wheel', 'front_right_wheel', 'rear_left_wheel', 'rear_right_wheel']",327.7649909145972,344.251968503937,327.7649909145972,344.251968503937,-0.3634161114476075,5.208964264082375,-0.3634161114476075,5.208964264082375,0.0,0.0,0.0,0.0
1737149354.4003417,8774,1737149431,738816327,,"['front_left_wheel', 'front_right_wheel', 'rear_left_wheel', 'rear_right_wheel']",327.72259236826164,344.8516050878256,327.72259236826164,344.8516050878256,-0.3634161114476075,5.208964264082375,-0.3634161114476075,5.208964264082375,0.0,0.0,0.0,0.0
1737149354.5000083,8775,1737149431,837845610,,"['front_left_wheel', 'front_right_wheel', 'rear_left_wheel', 'rear_right_wheel']",327.6923076923077,345.2755905511811,327.6923076923077,345.2755905511811,-0.42398546335554216,5.269533615990309,-0.42398546335554216,5.269533615990309,0.0,0.0,0.0,0.0
1737149354.5995963,8776,1737149431,937776173,,"['front_left_wheel', 'front_right_wheel', 'rear_left_wheel', 'rear_right_wheel']",327.6499091459721,345.84494245911566,327.6499091459721,345.84494245911566,-0.42398546335554216,5.269533615990309,-0.42398546335554216,5.269533615990309,0.0,0.0,0.0,0.0
1737149354.6975503,8777,1737149432,36494426,,"['front_left_wheel', 'front_right_wheel', 'rear_left_wheel', 'rear_right_wheel']",327.6075105996366,346.3173834039976,327.6075105996366,346.3173834039976,-0.4845548152634767,5.3301029678982434,-0.4845548152634767,5.3301029678982434,0.0,0.0,0.0,0.0
1737149354.7971208,8778,1737149432,135111809,,"['front_left_wheel', 'front_right_wheel', 'rear_left_wheel', 'rear_right_wheel']",327.5590551181102,346.8564506359782,327.5590551181102,346.8564506359782,-0.4845548152634767,5.3301029678982434,-0.4845548152634767,5.3301029678982434,0.0,0.0,0.0,0.0
1737149354.9065452,8779,1737149432,245156749,,"['front_left_wheel', 'front_right_wheel', 'rear_left_wheel', 'rear_right_wheel']",327.50454270139306,347.46214415505756,327.50454270139306,347.46214415505756,-0.5451241671714112,5.390672319806178,-0.5451241671714112,5.390672319806178,0.0,0.0,0.0,0.0
1737149355.0055256,8780,1737149432,344798014,,"['front_left_wheel', 'front_right_wheel', 'rear_left_wheel', 'rear_right_wheel']",327.45003028467596,348.0738946093277,327.45003028467596,348.0738946093277,-0.5451241671714112,5.390672319806178,-0.5451241671714112,5.390672319806178,0.0,0.0,0.0,0.0
1737149355.1042721,8781,1737149432,443337999,,"['front_left_wheel', 'front_right_wheel', 'rear_left_wheel', 'rear_right_wheel']",327.3955178679588,348.534221683828,327.3955178679588,348.534221683828,-0.6056935190793459,5.451241671714113,-0.6056935190793459,5.451241671714113,0.0,0.0,0.0,0.0
1737149355.2028403,8782,1737149432,541954853,,"['front_left_wheel', 'front_right_wheel', 'rear_left_wheel', 'rear_right_wheel']",327.3288915808601,349.10963052695337,327.3288915808601,349.10963052695337,-0.6056935190793459,5.451241671714113,-0.6056935190793459,5.451241671714113,0.0,0.0,0.0,0.0
1737149355.3020618,8783,1737149432,640951888,,"['front_left_wheel', 'front_right_wheel', 'rear_left_wheel', 'rear_right_wheel']",327.27437916414294,349.6123561477892,327.27437916414294,349.6123561477892,-0.6662628709872804,5.511811023622047,-0.6662628709872804,5.511811023622047,0.0,0.0,0.0,0.0
1737149355.400936,8784,1737149432,739928403,,"['front_left_wheel', 'front_right_wheel', 'rear_left_wheel', 'rear_right_wheel']",327.2077528770442,350.1514233797699,327.2077528770442,350.1514233797699,-0.6662628709872804,5.511811023622047,-0.6662628709872804,5.511811023622047,0.0,0.0,0.0,0.0
1737149355.4997141,8785,1737149432,838936915,,"['front_left_wheel', 'front_right_wheel', 'rear_left_wheel', 'rear_right_wheel']",327.1411265899455,350.78134463961237,327.1411265899455,350.78134463961237,-0.726832222895215,5.572380375529982,-0.726832222895215,5.572380375529982,0.0,0.0,0.0,0.0
1737149355.599185,8786,1737149432,938248401,,"['front_left_wheel', 'front_right_wheel', 'rear_left_wheel', 'rear_right_wheel']",327.0745003028468,351.20533010296793,327.0745003028468,351.20533010296793,-0.726832222895215,5.572380375529982,-0.726832222895215,5.572380375529982,0.0,0.0,0.0,0.0
1737149355.6989121,8787,1737149433,37836353,,"['front_left_wheel', 'front_right_wheel', 'rear_left_wheel', 'rear_right_wheel']",326.98970321017566,351.8413082980012,326.98970321017566,351.8413082980012,-0.7874015748031497,5.632949727437917,-0.7874015748031497,5.632949727437917,0.0,0.0,0.0,0.0
1737149355.79762,8788,1737149433,136826744,,"['front_left_wheel', 'front_right_wheel', 'rear_left_wheel', 'rear_right_wheel']",326.92913385826773,352.27135069654753,326.92913385826773,352.27135069654753,-0.8479709267110843,5.693519079345851,-0.8479709267110843,5.693519079345851,0.0,0.0,0.0,0.0
1737149355.8967657,8789,1737149433,235539483,,"['front_left_wheel', 'front_right_wheel', 'rear_left_wheel', 'rear_right_wheel']",326.832222895215,352.93761356753487,326.832222895215,352.93761356753487,-0.8479709267110843,5.693519079345851,-0.8479709267110843,5.693519079345851,0.0,0.0,0.0,0.0
1737149356.0065222,8790,1737149433,345044709,,"['front_left_wheel', 'front_right_wheel', 'rear_left_wheel', 'rear_right_wheel']",326.7292549969715,353.60387643852215,326.7292549969715,353.60387643852215,-0.9085402786190188,5.754088431253785,-0.9085402786190188,5.754088431253785,0.0,0.0,0.0,0.0
1737149356.104992,8791,1737149433,443888974,,"['front_left_wheel', 'front_right_wheel', 'rear_left_wheel', 'rear_right_wheel']",326.6384009691096,354.2277407631738,326.6384009691096,354.2277407631738,-0.9085402786190188,5.754088431253785,-0.9085402786190188,5.754088431253785,0.0,0.0,0.0,0.0
1737149356.2040296,8792,1737149433,543351468,,"['front_left_wheel', 'front_right_wheel', 'rear_left_wheel', 'rear_right_wheel']",326.55360387643856,354.663840096911,326.55360387643856,354.663840096911,-0.9691096305269534,5.81465778316172,-0.9691096305269534,5.81465778316172,0.0,0.0,0.0,0.0
1737149356.3032734,8793,1737149433,642076795,,"['front_left_wheel', 'front_right_wheel', 'rear_left_wheel', 'rear_right_wheel']",326.44457904300424,355.3240460327075,326.44457904300424,355.3240460327075,-0.9691096305269534,5.81465778316172,-0.9691096305269534,5.81465778316172,0.0,0.0,0.0,0.0
1737149356.4020736,8794,1737149433,741121357,,"['front_left_wheel', 'front_right_wheel', 'rear_left_wheel', 'rear_right_wheel']",326.3718958207147,355.77831617201696,326.3718958207147,355.77831617201696,-1.029678982434888,5.875227135069655,-1.029678982434888,5.875227135069655,0.0,0.0,0.0,0.0
1737149356.5014868,8795,1737149433,840026805,,"['front_left_wheel', 'front_right_wheel', 'rear_left_wheel', 'rear_right_wheel']",326.25075711689885,356.46880678376743,326.25075711689885,356.46880678376743,-1.029678982434888,5.875227135069655,-1.029678982434888,5.875227135069655,0.0,0.0,0.0,0.0
1737149356.6000657,8796,1737149433,938860223,,"['front_left_wheel', 'front_right_wheel', 'rear_left_wheel', 'rear_right_wheel']",326.16596002422773,357.10478497880075,326.16596002422773,357.10478497880075,-1.0902483343428224,5.93579648697759,-1.0902483343428224,5.93579648697759,0.0,0.0,0.0,0.0
1737149356.6990376,8797,1737149434,38115886,,"['front_left_wheel', 'front_right_wheel', 'rear_left_wheel', 'rear_right_wheel']",326.0387643852211,357.6377952755906,326.0387643852211,357.6377952755906,-1.0902483343428224,5.93579648697759,-1.0902483343428224,5.93579648697759,0.0,0.0,0.0,0.0
1737149356.7975886,8798,1737149434,136822965,,"['front_left_wheel', 'front_right_wheel', 'rear_left_wheel', 'rear_right_wheel']",325.923682616596,358.2374318594791,325.923682616596,358.2374318594791,-1.150817686250757,5.996365838885524,-1.150817686250757,5.996365838885524,0.0,0.0,0.0,0.0
1737149356.8974013,8799,1737149434,236247406,,"['front_left_wheel', 'front_right_wheel', 'rear_left_wheel', 'rear_right_wheel']",325.81465778316175,358.81889763779526,325.81465778316175,358.81889763779526,-1.150817686250757,5.996365838885524,-1.150817686250757,5.996365838885524,0.0,0.0,0.0,0.0
1737149356.9969876,8800,1737149434,335362430,,"['front_left_wheel', 'front_right_wheel', 'rear_left_wheel', 'rear_right_wheel']",325.70563294972743,359.3700787401575,325.70563294972743,359.3700787401575,-1.2113870381586918,6.0569351907934585,-1.2113870381586918,6.0569351907934585,0.0,0.0,0.0,0.0
1737149357.1067526,8801,1737149434,445603769,,"['front_left_wheel', 'front_right_wheel', 'rear_left_wheel', 'rear_right_wheel']",325.5663234403392,360.0787401574803,325.5663234403392,360.0787401574803,-1.2113870381586918,6.0569351907934585,-1.2113870381586918,6.0569351907934585,0.0,0.0,0.0,0.0
1737149357.20551,8802,1737149434,544398694,,"['front_left_wheel', 'front_right_wheel', 'rear_left_wheel', 'rear_right_wheel']",325.4633555420957,360.5754088431254,325.4633555420957,360.5754088431254,-1.2719563900666262,6.0569351907934585,-1.2719563900666262,6.0569351907934585,0.0,0.0,0.0,0.0
1737149357.3045306,8803,1737149434,643537243,,"['front_left_wheel', 'front_right_wheel', 'rear_left_wheel', 'rear_right_wheel']",325.31798909751666,361.28407026044823,325.31798909751666,361.28407026044823,-1.2719563900666262,6.0569351907934585,-1.2719563900666262,6.0569351907934585,0.0,0.0,0.0,0.0
1737149357.4031231,8804,1737149434,742242168,,"['front_left_wheel', 'front_right_wheel', 'rear_left_wheel', 'rear_right_wheel']",325.1786795881284,361.8897637795275,325.1786795881284,361.8897637795275,-1.3325257419745609,6.0569351907934585,-1.3325257419745609,6.0569351907934585,0.0,0.0,0.0,0.0
1737149357.5028183,8805,1737149434,840890048,,"['front_left_wheel', 'front_right_wheel', 'rear_left_wheel', 'rear_right_wheel']",325.0575408843126,362.4772864930345,325.0575408843126,362.4772864930345,-1.3325257419745609,6.0569351907934585,-1.3325257419745609,6.0569351907934585,0.0,0.0,0.0,0.0
1737149357.601363,8806,1737149434,940495204,,"['front_left_wheel', 'front_right_wheel', 'rear_left_wheel', 'rear_right_wheel']",324.9303452453059,363.02241066020594,324.9303452453059,363.02241066020594,-1.3325257419745609,6.0569351907934585,-1.3325257419745609,6.0569351907934585,0.0,0.0,0.0,0.0
1737149357.6999369,8807,1737149435,39085967,,"['front_left_wheel', 'front_right_wheel', 'rear_left_wheel', 'rear_right_wheel']",324.7910357359176,363.65838885523925,324.7910357359176,363.65838885523925,-1.3930950938824955,6.0569351907934585,-1.3930950938824955,6.0569351907934585,0.0,0.0,0.0,0.0
1737149357.8056414,8808,1737149435,138860789,,"['front_left_wheel', 'front_right_wheel', 'rear_left_wheel', 'rear_right_wheel']",324.663840096911,364.1611144760751,324.663840096911,364.1611144760751,-1.3930950938824955,6.0569351907934585,-1.3930950938824955,6.0569351907934585,0.0,0.0,0.0,0.0
1737149357.897795,8809,1737149435,237101023,,"['front_left_wheel', 'front_right_wheel', 'rear_left_wheel', 'rear_right_wheel']",324.5063597819503,364.8516050878256,324.5063597819503,364.8516050878256,-1.45366444579043,6.0569351907934585,-1.45366444579043,6.0569351907934585,0.0,0.0,0.0,0.0
1737149357.9973993,8810,1737149435,336741869,,"['front_left_wheel', 'front_right_wheel', 'rear_left_wheel', 'rear_right_wheel']",324.3912780133253,365.3422168382798,324.3912780133253,365.3422168382798,-1.45366444579043,6.0569351907934585,-1.45366444579043,6.0569351907934585,0.0,0.0,0.0,0.0
1737149358.097475,8811,1737149435,435474968,,"['front_left_wheel', 'front_right_wheel', 'rear_left_wheel', 'rear_right_wheel']",324.22774076317387,365.97819503331317,324.22774076317387,365.97819503331317,-1.45366444579043,6.0569351907934585,-1.45366444579043,6.0569351907934585,0.0,0.0,0.0,0.0
1737149358.206536,8812,1737149435,545708369,,"['front_left_wheel', 'front_right_wheel', 'rear_left_wheel', 'rear_right_wheel']",324.0581465778316,366.6626287098728,324.0581465778316,366.6626287098728,-1.5142337976983646,6.0569351907934585,-1.5142337976983646,6.0569351907934585,0.0,0.0,0.0,0.0
1737149358.305062,8813,1737149435,643935024,,"['front_left_wheel', 'front_right_wheel', 'rear_left_wheel', 'rear_right_wheel']",323.94306480920653,367.0987280436099,323.94306480920653,367.0987280436099,-1.5142337976983646,6.0569351907934585,-1.5142337976983646,6.0569351907934585,0.0,0.0,0.0,0.0
1737149358.4048498,8814,1737149435,743733793,,"['front_left_wheel', 'front_right_wheel', 'rear_left_wheel', 'rear_right_wheel']",323.77347062386434,367.75893397940644,323.77347062386434,367.75893397940644,-1.5142337976983646,6.0569351907934585,-1.5142337976983646,6.0569351907934585,0.0,0.0,0.0,0.0
1737149358.503166,8815,1737149435,842243749,,"['front_left_wheel', 'front_right_wheel', 'rear_left_wheel', 'rear_right_wheel']",323.5917625681405,368.4433676559661,323.5917625681405,368.4433676559661,-1.5748031496062993,6.0569351907934585,-1.5748031496062993,6.0569351907934585,0.0,0.0,0.0,0.0
1737149358.6021855,8816,1737149435,941340157,,"['front_left_wheel', 'front_right_wheel', 'rear_left_wheel', 'rear_right_wheel']",323.47062386432464,368.9400363416111,323.47062386432464,368.9400363416111,-1.5748031496062993,6.0569351907934585,-1.5748031496062993,6.0569351907934585,0.0,0.0,0.0,0.0
1737149358.7010407,8817,1737149436,40083151,,"['front_left_wheel', 'front_right_wheel', 'rear_left_wheel', 'rear_right_wheel']",323.2949727437916,369.56995760145367,323.2949727437916,369.56995760145367,-1.5748031496062993,6.0569351907934585,-1.5748031496062993,6.0569351907934585,0.0,0.0,0.0,0.0
1737149358.800243,8818,1737149436,138984401,,"['front_left_wheel', 'front_right_wheel', 'rear_left_wheel', 'rear_right_wheel']",323.1556632344034,370.12113870381586,323.1556632344034,370.12113870381586,-1.635372501514234,6.0569351907934585,-1.635372501514234,6.0569351907934585,0.0,0.0,0.0,0.0
1737149358.8993134,8819,1737149436,238234627,,"['front_left_wheel', 'front_right_wheel', 'rear_left_wheel', 'rear_right_wheel']",322.9860690490612,370.70866141732284,322.9860690490612,370.70866141732284,-1.635372501514234,6.0569351907934585,-1.635372501514234,6.0569351907934585,0.0,0.0,0.0,0.0
1737149358.9980812,8820,1737149436,336852380,,"['front_left_wheel', 'front_right_wheel', 'rear_left_wheel', 'rear_right_wheel']",322.7983040581466,371.3930950938825,322.7983040581466,371.3930950938825,-1.6959418534221686,6.0569351907934585,-1.6959418534221686,6.0569351907934585,0.0,0.0,0.0,0.0
1737149359.0980237,8821,1737149436,436735077,,"['front_left_wheel', 'front_right_wheel', 'rear_left_wheel', 'rear_right_wheel']",322.67110841913996,371.877649909146,322.67110841913996,371.877649909146,-1.6959418534221686,6.0569351907934585,-1.6959418534221686,6.0569351907934585,0.0,0.0,0.0,0.0
1737149359.1966817,8822,1737149436,535868918,,"['front_left_wheel', 'front_right_wheel', 'rear_left_wheel', 'rear_right_wheel']",322.4772864930345,372.54391278013327,322.4772864930345,372.54391278013327,-1.6959418534221686,6.0569351907934585,-1.6959418534221686,6.0569351907934585,0.0,0.0,0.0,0.0
1737149359.3063266,8823,1737149436,645544968,,"['front_left_wheel', 'front_right_wheel', 'rear_left_wheel', 'rear_right_wheel']",322.2834645669292,373.19806178073895,322.2834645669292,373.19806178073895,-1.6959418534221686,6.0569351907934585,-1.6959418534221686,6.0569351907934585,0.0,0.0,0.0,0.0
1737149359.405836,8824,1737149436,744569599,,"['front_left_wheel', 'front_right_wheel', 'rear_left_wheel', 'rear_right_wheel']",322.12598425196853,373.7431859479104,322.12598425196853,373.7431859479104,-1.6959418534221686,6.0569351907934585,-1.6959418534221686,6.0569351907934585,0.0,0.0,0.0,0.0
1737149359.5041761,8825,1737149436,843521222,,"['front_left_wheel', 'front_right_wheel', 'rear_left_wheel', 'rear_right_wheel']",321.9503331314355,374.30042398546334,321.9503331314355,374.30042398546334,-1.6959418534221686,6.0569351907934585,-1.6959418534221686,6.0569351907934585,0.0,0.0,0.0,0.0
1737149359.603341,8826,1737149436,942426190,,"['front_left_wheel', 'front_right_wheel', 'rear_left_wheel', 'rear_right_wheel']",321.7746820109025,374.9666868564506,321.7746820109025,374.9666868564506,-1.8170805572380375,6.0569351907934585,-1.8170805572380375,6.0569351907934585,0.0,0.0,0.0,0.0
1737149359.702206,8827,1737149437,41442707,,"['front_left_wheel', 'front_right_wheel', 'rear_left_wheel', 'rear_right_wheel']",321.6050878255603,375.40884312537855,321.6050878255603,375.40884312537855,-1.8170805572380375,6.0569351907934585,-1.8170805572380375,6.0569351907934585,0.0,0.0,0.0,0.0
1737149359.8009818,8828,1737149437,139980773,,"['front_left_wheel', 'front_right_wheel', 'rear_left_wheel', 'rear_right_wheel']",321.3991520290733,376.08721986674743,321.3991520290733,376.08721986674743,-1.8170805572380375,6.0569351907934585,-1.8170805572380375,6.0569351907934585,0.0,0.0,0.0,0.0
1737149359.9000795,8829,1737149437,239083458,,"['front_left_wheel', 'front_right_wheel', 'rear_left_wheel', 'rear_right_wheel']",321.25984251968504,376.54149000605696,321.25984251968504,376.54149000605696,-1.8776499091459722,5.996365838885524,-1.8776499091459722,5.996365838885524,0.0,0.0,0.0,0.0
1737149359.998776,8830,1737149437,338044385,,"['front_left_wheel', 'front_right_wheel', 'rear_left_wheel', 'rear_right_wheel']",321.0478497880073,377.23803755299815,321.0478497880073,377.23803755299815,-1.8776499091459722,5.996365838885524,-1.8776499091459722,5.996365838885524,0.0,0.0,0.0,0.0
1737149360.098858,8831,1737149437,437830834,,"['front_left_wheel', 'front_right_wheel', 'rear_left_wheel', 'rear_right_wheel']",320.8661417322835,377.8921865536039,320.8661417322835,377.8921865536039,-1.8776499091459722,6.0569351907934585,-1.8776499091459722,6.0569351907934585,0.0,0.0,0.0,0.0
1737149360.1975398,8832,1737149437,536712116,,"['front_left_wheel', 'front_right_wheel', 'rear_left_wheel', 'rear_right_wheel']",320.6904906117505,378.3464566929134,320.6904906117505,378.3464566929134,-1.8776499091459722,6.0569351907934585,-1.8776499091459722,6.0569351907934585,0.0,0.0,0.0,0.0
1737149360.29616,8833,1737149437,635189134,,"['front_left_wheel', 'front_right_wheel', 'rear_left_wheel', 'rear_right_wheel']",320.4724409448819,379.02483343428224,320.4724409448819,379.02483343428224,-1.9382192610539069,6.0569351907934585,-1.9382192610539069,6.0569351907934585,0.0,0.0,0.0,0.0
1737149360.4060614,8834,1737149437,745441670,,"['front_left_wheel', 'front_right_wheel', 'rear_left_wheel', 'rear_right_wheel']",320.2543912780134,379.7092671108419,320.2543912780134,379.7092671108419,-1.9382192610539069,6.0569351907934585,-1.9382192610539069,6.0569351907934585,0.0,0.0,0.0,0.0
1737149360.5055685,8835,1737149437,844382885,,"['front_left_wheel', 'front_right_wheel', 'rear_left_wheel', 'rear_right_wheel']",320.1029678982435,380.19382192610544,320.1029678982435,380.19382192610544,-1.9382192610539069,6.0569351907934585,-1.9382192610539069,6.0569351907934585,0.0,0.0,0.0,0.0
1737149360.6046138,8836,1737149437,943559065,,"['front_left_wheel', 'front_right_wheel', 'rear_left_wheel', 'rear_right_wheel']",319.87280436099337,380.89642640823746,319.87280436099337,380.89642640823746,-1.9987886129618415,6.0569351907934585,-1.9987886129618415,6.0569351907934585,0.0,0.0,0.0,0.0
1737149360.7032864,8837,1737149438,42571506,,"['front_left_wheel', 'front_right_wheel', 'rear_left_wheel', 'rear_right_wheel']",319.7153240460327,381.52634766807995,319.7153240460327,381.52634766807995,-1.9987886129618415,6.0569351907934585,-1.9987886129618415,6.0569351907934585,0.0,0.0,0.0,0.0
1737149360.8030353,8838,1737149438,141363651,,"['front_left_wheel', 'front_right_wheel', 'rear_left_wheel', 'rear_right_wheel']",319.4791035735918,382.0714718352514,319.4791035735918,382.0714718352514,-1.9987886129618415,6.0569351907934585,-1.9987886129618415,6.0569351907934585,0.0,0.0,0.0,0.0
1737149360.9021015,8839,1737149438,240314241,,"['front_left_wheel', 'front_right_wheel', 'rear_left_wheel', 'rear_right_wheel']",319.2731677771048,382.65293761356753,319.2731677771048,382.65293761356753,-2.059357964869776,6.0569351907934585,-2.059357964869776,6.0569351907934585,0.0,0.0,0.0,0.0
1737149360.9995103,8840,1737149438,338836145,,"['front_left_wheel', 'front_right_wheel', 'rear_left_wheel', 'rear_right_wheel']",319.07328891580863,383.2465172622653,319.07328891580863,383.2465172622653,-2.059357964869776,6.0569351907934585,-2.059357964869776,6.0569351907934585,0.0,0.0,0.0,0.0
1737149361.098496,8841,1737149438,437854457,,"['front_left_wheel', 'front_right_wheel', 'rear_left_wheel', 'rear_right_wheel']",318.8794669897032,383.7916414294367,318.8794669897032,383.7916414294367,-2.059357964869776,6.0569351907934585,-2.059357964869776,6.0569351907934585,0.0,0.0,0.0,0.0
1737149361.1984093,8842,1737149438,536834286,,"['front_left_wheel', 'front_right_wheel', 'rear_left_wheel', 'rear_right_wheel']",318.709872804361,384.42761962447,318.709872804361,384.42761962447,-2.059357964869776,6.0569351907934585,-2.059357964869776,6.0569351907934585,0.0,0.0,0.0,0.0
1737149361.2976804,8843,1737149438,636354397,,"['front_left_wheel', 'front_right_wheel', 'rear_left_wheel', 'rear_right_wheel']",318.4675953967293,384.97274379164145,318.4675953967293,384.97274379164145,-2.1199273167777104,6.0569351907934585,-2.1199273167777104,6.0569351907934585,0.0,0.0,0.0,0.0
1737149361.396189,8844,1737149438,735742032,,"['front_left_wheel', 'front_right_wheel', 'rear_left_wheel', 'rear_right_wheel']",318.24348879466993,385.57238037553,318.24348879466993,385.57238037553,-2.1199273167777104,6.0569351907934585,-2.1199273167777104,6.0569351907934585,0.0,0.0,0.0,0.0
1737149361.50608,8845,1737149438,845597001,,"['front_left_wheel', 'front_right_wheel', 'rear_left_wheel', 'rear_right_wheel']",318.007268322229,386.244700181708,318.007268322229,386.244700181708,-2.1199273167777104,6.0569351907934585,-2.1199273167777104,6.0569351907934585,0.0,0.0,0.0,0.0
1737149361.6047843,8846,1737149438,943940551,,"['front_left_wheel', 'front_right_wheel', 'rear_left_wheel', 'rear_right_wheel']",317.8437310720775,386.68685645063596,317.8437310720775,386.68685645063596,-2.180496668685645,6.0569351907934585,-2.180496668685645,6.0569351907934585,0.0,0.0,0.0,0.0
1737149361.7036934,8847,1737149439,42839347,,"['front_left_wheel', 'front_right_wheel', 'rear_left_wheel', 'rear_right_wheel']",317.595396729255,387.35917625681407,317.595396729255,387.35917625681407,-2.180496668685645,6.0569351907934585,-2.180496668685645,6.0569351907934585,0.0,0.0,0.0,0.0
1737149361.8033023,8848,1737149439,142378978,,"['front_left_wheel', 'front_right_wheel', 'rear_left_wheel', 'rear_right_wheel']",317.42580254391277,387.80738946093277,317.42580254391277,387.80738946093277,-2.180496668685645,6.0569351907934585,-2.180496668685645,6.0569351907934585,0.0,0.0,0.0,0.0
1737149361.9022045,8849,1737149439,241715550,,"['front_left_wheel', 'front_right_wheel', 'rear_left_wheel', 'rear_right_wheel']",317.1774682010903,388.4797092671109,317.1774682010903,388.4797092671109,-2.180496668685645,6.0569351907934585,-2.180496668685645,6.0569351907934585,0.0,0.0,0.0,0.0
1737149362.002727,8850,1737149439,340421352,,"['front_left_wheel', 'front_right_wheel', 'rear_left_wheel', 'rear_right_wheel']",316.92913385826773,389.1338582677165,316.92913385826773,389.1338582677165,-2.2410660205935797,6.0569351907934585,-2.2410660205935797,6.0569351907934585,0.0,0.0,0.0,0.0
1737149362.1006587,8851,1737149439,439590785,,"['front_left_wheel', 'front_right_wheel', 'rear_left_wheel', 'rear_right_wheel']",316.7595396729255,389.5760145366445,316.7595396729255,389.5760145366445,-2.2410660205935797,6.0569351907934585,-2.2410660205935797,6.0569351907934585,0.0,0.0,0.0,0.0
1737149362.1986227,8852,1737149439,538032242,,"['front_left_wheel', 'front_right_wheel', 'rear_left_wheel', 'rear_right_wheel']",316.50514839491217,390.2301635372502,316.50514839491217,390.2301635372502,-2.2410660205935797,6.0569351907934585,-2.2410660205935797,6.0569351907934585,0.0,0.0,0.0,0.0
1737149362.2992833,8853,1737149439,637636616,,"['front_left_wheel', 'front_right_wheel', 'rear_left_wheel', 'rear_right_wheel']",316.32949727437915,390.6662628709873,316.32949727437915,390.6662628709873,-2.2410660205935797,6.0569351907934585,-2.2410660205935797,6.0569351907934585,0.0,0.0,0.0,0.0
1737149362.3978589,8854,1737149439,736068421,,"['front_left_wheel', 'front_right_wheel', 'rear_left_wheel', 'rear_right_wheel']",316.07510599636583,391.34463961235616,316.07510599636583,391.34463961235616,-2.301635372501514,6.0569351907934585,-2.301635372501514,6.0569351907934585,0.0,0.0,0.0,0.0
1737149362.496099,8855,1737149439,834784334,,"['front_left_wheel', 'front_right_wheel', 'rear_left_wheel', 'rear_right_wheel']",315.8146577831617,392.01090248334344,315.8146577831617,392.01090248334344,-2.301635372501514,6.0569351907934585,-2.301635372501514,6.0569351907934585,0.0,0.0,0.0,0.0
1737149362.605807,8856,1737149439,945322093,,"['front_left_wheel', 'front_right_wheel', 'rear_left_wheel', 'rear_right_wheel']",315.62689279224713,392.6832222895215,315.62689279224713,392.6832222895215,-2.301635372501514,6.0569351907934585,-2.301635372501514,6.0569351907934585,0.0,0.0,0.0,0.0
1737149362.7052252,8857,1737149440,44418330,,"['front_left_wheel', 'front_right_wheel', 'rear_left_wheel', 'rear_right_wheel']",315.3543307086614,393.2101756511205,315.3543307086614,393.2101756511205,-2.301635372501514,6.0569351907934585,-2.301635372501514,6.0569351907934585,0.0,0.0,0.0,0.0
1737149362.8044186,8858,1737149440,143216428,,"['front_left_wheel', 'front_right_wheel', 'rear_left_wheel', 'rear_right_wheel']",315.1120533010297,393.79769836462754,315.1120533010297,393.79769836462754,-2.362204724409449,5.996365838885524,-2.362204724409449,5.996365838885524,0.0,0.0,0.0,0.0
1737149362.9056096,8859,1737149440,242018618,,"['front_left_wheel', 'front_right_wheel', 'rear_left_wheel', 'rear_right_wheel']",314.8940036341611,394.38522107813446,314.8940036341611,394.38522107813446,-2.362204724409449,6.0569351907934585,-2.362204724409449,6.0569351907934585,0.0,0.0,0.0,0.0
1737149363.0027053,8860,1737149440,341573006,,"['front_left_wheel', 'front_right_wheel', 'rear_left_wheel', 'rear_right_wheel']",314.663840096911,394.9424591156875,314.663840096911,394.9424591156875,-2.362204724409449,5.996365838885524,-2.362204724409449,5.996365838885524,0.0,0.0,0.0,0.0
1737149363.100786,8861,1737149440,440417747,,"['front_left_wheel', 'front_right_wheel', 'rear_left_wheel', 'rear_right_wheel']",314.39127801332523,395.6208358570563,314.39127801332523,395.6208358570563,-2.362204724409449,6.0569351907934585,-2.362204724409449,6.0569351907934585,0.0,0.0,0.0,0.0
1737149363.1997519,8862,1737149440,539169968,,"['front_left_wheel', 'front_right_wheel', 'rear_left_wheel', 'rear_right_wheel']",314.1974560872199,396.1417322834646,314.1974560872199,396.1417322834646,-2.4227740763173835,6.0569351907934585,-2.4227740763173835,6.0569351907934585,0.0,0.0,0.0,0.0
1737149363.2987444,8863,1737149440,638110876,,"['front_left_wheel', 'front_right_wheel', 'rear_left_wheel', 'rear_right_wheel']",313.93700787401576,396.7655966081163,313.93700787401576,396.7655966081163,-2.4227740763173835,6.0569351907934585,-2.4227740763173835,6.0569351907934585,0.0,0.0,0.0,0.0
1737149363.3993845,8864,1737149440,736911715,,"['front_left_wheel', 'front_right_wheel', 'rear_left_wheel', 'rear_right_wheel']",313.7189582071472,397.3349485160509,313.7189582071472,397.3349485160509,-2.4227740763173835,6.0569351907934585,-2.4227740763173835,6.0569351907934585,0.0,0.0,0.0,0.0
1737149363.496846,8865,1737149440,835811243,,"['front_left_wheel', 'front_right_wheel', 'rear_left_wheel', 'rear_right_wheel']",313.47668079951546,397.9103573591762,313.47668079951546,397.9103573591762,-2.4227740763173835,6.0569351907934585,-2.4227740763173835,6.0569351907934585,0.0,0.0,0.0,0.0
1737149363.5965788,8866,1737149440,935394342,,"['front_left_wheel', 'front_right_wheel', 'rear_left_wheel', 'rear_right_wheel']",313.19806178073895,398.59479103573597,313.19806178073895,398.59479103573597,-2.483343428225318,6.0569351907934585,-2.483343428225318,6.0569351907934585,0.0,0.0,0.0,0.0
1737149363.7066276,8867,1737149441,45629122,,"['front_left_wheel', 'front_right_wheel', 'rear_left_wheel', 'rear_right_wheel']",312.94367050272564,399.2852816474864,312.94367050272564,399.2852816474864,-2.483343428225318,6.0569351907934585,-2.483343428225318,6.0569351907934585,0.0,0.0,0.0,0.0
1737149363.8047404,8868,1737149441,144249822,,"['front_left_wheel', 'front_right_wheel', 'rear_left_wheel', 'rear_right_wheel']",312.72562083585706,399.7456087219867,312.72562083585706,399.7456087219867,-2.483343428225318,5.996365838885524,-2.483343428225318,5.996365838885524,0.0,0.0,0.0,0.0
1737149363.9045556,8869,1737149441,243629551,,"['front_left_wheel', 'front_right_wheel', 'rear_left_wheel', 'rear_right_wheel']",312.44700181708055,400.4360993337371,312.44700181708055,400.4360993337371,-2.483343428225318,6.0569351907934585,-2.483343428225318,6.0569351907934585,0.0,0.0,0.0,0.0
1737149364.0028653,8870,1737149441,342056554,,"['front_left_wheel', 'front_right_wheel', 'rear_left_wheel', 'rear_right_wheel']",312.2471229557844,400.908540278619,312.2471229557844,400.908540278619,-2.483343428225318,5.996365838885524,-2.483343428225318,5.996365838885524,0.0,0.0,0.0,0.0
1737149364.1022067,8871,1737149441,441136859,,"['front_left_wheel', 'front_right_wheel', 'rear_left_wheel', 'rear_right_wheel']",311.9685039370079,401.5445184736524,311.9685039370079,401.5445184736524,-2.5439127801332524,5.996365838885524,-2.5439127801332524,5.996365838885524,0.0,0.0,0.0,0.0
1737149364.2016752,8872,1737149441,540025691,,"['front_left_wheel', 'front_right_wheel', 'rear_left_wheel', 'rear_right_wheel']",311.71411265899457,402.2228952150212,311.71411265899457,402.2228952150212,-2.5439127801332524,6.0569351907934585,-2.5439127801332524,6.0569351907934585,0.0,0.0,0.0,0.0
1737149364.2994726,8873,1737149441,638955656,,"['front_left_wheel', 'front_right_wheel', 'rear_left_wheel', 'rear_right_wheel']",311.4839491217444,402.6771653543307,311.4839491217444,402.6771653543307,-2.5439127801332524,6.0569351907934585,-2.5439127801332524,6.0569351907934585,0.0,0.0,0.0,0.0
1737149364.3986769,8874,1737149441,737817935,,"['front_left_wheel', 'front_right_wheel', 'rear_left_wheel', 'rear_right_wheel']",311.1992731677771,403.35554209569955,311.1992731677771,403.35554209569955,-2.5439127801332524,6.0569351907934585,-2.5439127801332524,6.0569351907934585,0.0,0.0,0.0,0.0
1737149364.4983943,8875,1737149441,837619543,,"['front_left_wheel', 'front_right_wheel', 'rear_left_wheel', 'rear_right_wheel']",310.9993943064809,403.8461538461538,310.9993943064809,403.8461538461538,-2.6044821320411873,6.0569351907934585,-2.6044821320411873,6.0569351907934585,0.0,0.0,0.0,0.0
1737149364.5966592,8876,1737149441,935799154,,"['front_left_wheel', 'front_right_wheel', 'rear_left_wheel', 'rear_right_wheel']",310.69654754694125,404.5427013930951,310.69654754694125,404.5427013930951,-2.6044821320411873,6.0569351907934585,-2.6044821320411873,6.0569351907934585,0.0,0.0,0.0,0.0
1737149364.6957564,8877,1737149442,35119774,,"['front_left_wheel', 'front_right_wheel', 'rear_left_wheel', 'rear_right_wheel']",310.4845548152635,405.1786795881284,310.4845548152635,405.1786795881284,-2.6044821320411873,6.0569351907934585,-2.6044821320411873,6.0569351907934585,0.0,0.0,0.0,0.0
1737149364.806527,8878,1737149442,145596603,,"['front_left_wheel', 'front_right_wheel', 'rear_left_wheel', 'rear_right_wheel']",310.1817080557238,405.8570563294973,310.1817080557238,405.8570563294973,-2.6044821320411873,6.0569351907934585,-2.6044821320411873,6.0569351907934585,0.0,0.0,0.0,0.0
1737149364.9049907,8879,1737149442,243884476,,"['front_left_wheel', 'front_right_wheel', 'rear_left_wheel', 'rear_right_wheel']",309.91520290732893,406.3113264688067,309.91520290732893,406.3113264688067,-2.6044821320411873,6.0569351907934585,-2.6044821320411873,6.0569351907934585,0.0,0.0,0.0,0.0
1737149365.0042188,8880,1737149442,343445833,,"['front_left_wheel', 'front_right_wheel', 'rear_left_wheel', 'rear_right_wheel']",309.61841308298006,406.98364627498484,309.61841308298006,406.98364627498484,-2.6650514839491217,6.0569351907934585,-2.6650514839491217,6.0569351907934585,0.0,0.0,0.0,0.0
1737149365.10265,8881,1737149442,442054532,,"['front_left_wheel', 'front_right_wheel', 'rear_left_wheel', 'rear_right_wheel']",309.40642035130224,407.46820109024833,309.40642035130224,407.46820109024833,-2.6650514839491217,5.996365838885524,-2.6650514839491217,5.996365838885524,0.0,0.0,0.0,0.0
1737149365.2022407,8882,1737149442,540903353,,"['front_left_wheel', 'front_right_wheel', 'rear_left_wheel', 'rear_right_wheel']",309.10963052695337,408.10417928528165,309.10963052695337,408.10417928528165,-2.6650514839491217,6.0569351907934585,-2.6650514839491217,6.0569351907934585,0.0,0.0,0.0,0.0
1737149365.3011246,8883,1737149442,639947140,,"['front_left_wheel', 'front_right_wheel', 'rear_left_wheel', 'rear_right_wheel']",308.8734100545124,408.7886129618413,308.8734100545124,408.7886129618413,-2.6650514839491217,6.0569351907934585,-2.6650514839491217,6.0569351907934585,0.0,0.0,0.0,0.0
1737149365.3999138,8884,1737149442,739149221,,"['front_left_wheel', 'front_right_wheel', 'rear_left_wheel', 'rear_right_wheel']",308.60084797092674,409.23076923076917,308.60084797092674,409.23076923076917,-2.6650514839491217,6.0569351907934585,-2.6650514839491217,6.0569351907934585,0.0,0.0,0.0,0.0
1737149365.4983938,8885,1737149442,837799699,,"['front_left_wheel', 'front_right_wheel', 'rear_left_wheel', 'rear_right_wheel']",308.29800121138703,409.9091459721381,308.29800121138703,409.9091459721381,-2.7256208358570566,6.0569351907934585,-2.7256208358570566,6.0569351907934585,0.0,0.0,0.0,0.0
1737149365.5974174,8886,1737149442,936867004,,"['front_left_wheel', 'front_right_wheel', 'rear_left_wheel', 'rear_right_wheel']",308.09206541490005,410.36341611144763,308.09206541490005,410.36341611144763,-2.7256208358570566,6.0569351907934585,-2.7256208358570566,6.0569351907934585,0.0,0.0,0.0,0.0
1737149365.6975832,8887,1737149443,36839089,,"['front_left_wheel', 'front_right_wheel', 'rear_left_wheel', 'rear_right_wheel']",307.75287704421567,411.0236220472441,307.75287704421567,411.0236220472441,-3.8764385221078137,5.087825560266505,-3.8764385221078137,5.087825560266505,0.0,0.0,0.0,0.0
1737149365.796347,8888,1737149443,135550569,,"['front_left_wheel', 'front_right_wheel', 'rear_left_wheel', 'rear_right_wheel']",307.46820109024833,411.55057540884314,307.46820109024833,411.55057540884314,-2.5439127801332524,2.5439127801332524,-2.5439127801332524,2.5439127801332524,0.0,0.0,0.0,0.0
1737149365.9065862,8889,1737149443,245337332,,"['front_left_wheel', 'front_right_wheel', 'rear_left_wheel', 'rear_right_wheel']",307.1895820714718,411.75651120533007,307.1895820714718,411.75651120533007,-0.6056935190793459,0.6056935190793459,-0.6056935190793459,0.6056935190793459,0.0,0.0,0.0,0.0
1737149366.0051966,8890,1737149443,344585106,,"['front_left_wheel', 'front_right_wheel', 'rear_left_wheel', 'rear_right_wheel']",307.1411265899455,411.8231374924289,307.1411265899455,411.8231374924289,0.0,0.0,0.0,0.0,0.0,0.0,0.0,0.0
1737149366.1042814,8891,1737149443,443613320,,"['front_left_wheel', 'front_right_wheel', 'rear_left_wheel', 'rear_right_wheel']",307.1471835251363,411.81708055723806,307.1471835251363,411.81708055723806,0.0,0.0,0.0,0.0,0.0,0.0,0.0,0.0
1737149366.2032351,8892,1737149443,542146936,,"['front_left_wheel', 'front_right_wheel', 'rear_left_wheel', 'rear_right_wheel']",307.1471835251363,411.81102362204723,307.1471835251363,411.81102362204723,0.0,0.0,0.0,0.0,0.0,0.0,0.0,0.0
1737149366.3019574,8893,1737149443,641361489,,"['front_left_wheel', 'front_right_wheel', 'rear_left_wheel', 'rear_right_wheel']",307.1471835251363,411.81102362204723,307.1471835251363,411.81102362204723,0.0,0.0,0.0,0.0,0.0,0.0,0.0,0.0
1737149366.4005084,8894,1737149443,740033529,,"['front_left_wheel', 'front_right_wheel', 'rear_left_wheel', 'rear_right_wheel']",307.1471835251363,411.81102362204723,307.1471835251363,411.81102362204723,0.0,0.0,0.0,0.0,0.0,0.0,0.0,0.0
1737149366.500336,8895,1737149443,839377005,,"['front_left_wheel', 'front_right_wheel', 'rear_left_wheel', 'rear_right_wheel']",307.1471835251363,411.81102362204723,307.1471835251363,411.81102362204723,0.0,0.0,0.0,0.0,0.0,0.0,0.0,0.0
1737149366.5986397,8896,1737149443,938258240,,"['front_left_wheel', 'front_right_wheel', 'rear_left_wheel', 'rear_right_wheel']",307.1471835251363,411.81102362204723,307.1471835251363,411.81102362204723,0.0,0.0,0.0,0.0,0.0,0.0,0.0,0.0
1737149366.698042,8897,1737149444,37388437,,"['front_left_wheel', 'front_right_wheel', 'rear_left_wheel', 'rear_right_wheel']",307.1471835251363,411.81102362204723,307.1471835251363,411.81102362204723,0.0,0.0,0.0,0.0,0.0,0.0,0.0,0.0
1737149366.797388,8898,1737149444,136556950,,"['front_left_wheel', 'front_right_wheel', 'rear_left_wheel', 'rear_right_wheel']",307.1471835251363,411.81102362204723,307.1471835251363,411.81102362204723,0.0,0.0,0.0,0.0,0.0,0.0,0.0,0.0
1737149366.8961315,8899,1737149444,235497646,,"['front_left_wheel', 'front_right_wheel', 'rear_left_wheel', 'rear_right_wheel']",307.1471835251363,411.81102362204723,307.1471835251363,411.81102362204723,0.0,0.0,0.0,0.0,0.0,0.0,0.0,0.0
1737149367.0065243,8900,1737149444,345607601,,"['front_left_wheel', 'front_right_wheel', 'rear_left_wheel', 'rear_right_wheel']",307.1471835251363,411.81102362204723,307.1471835251363,411.81102362204723,0.0,0.0,0.0,0.0,0.0,0.0,0.0,0.0
1737149367.1056192,8901,1737149444,444888491,,"['front_left_wheel', 'front_right_wheel', 'rear_left_wheel', 'rear_right_wheel']",307.1471835251363,411.81102362204723,307.1471835251363,411.81102362204723,0.0,0.0,0.0,0.0,0.0,0.0,0.0,0.0
1737149367.2038684,8902,1737149444,543297096,,"['front_left_wheel', 'front_right_wheel', 'rear_left_wheel', 'rear_right_wheel']",307.1471835251363,411.81102362204723,307.1471835251363,411.81102362204723,0.0,0.0,0.0,0.0,0.0,0.0,0.0,0.0
1737149367.3022642,8903,1737149444,641884877,,"['front_left_wheel', 'front_right_wheel', 'rear_left_wheel', 'rear_right_wheel']",307.1471835251363,411.81102362204723,307.1471835251363,411.81102362204723,0.0,0.0,0.0,0.0,0.0,0.0,0.0,0.0
1737149367.4025428,8904,1737149444,741195974,,"['front_left_wheel', 'front_right_wheel', 'rear_left_wheel', 'rear_right_wheel']",307.1471835251363,411.81102362204723,307.1471835251363,411.81102362204723,0.0,0.0,0.0,0.0,0.0,0.0,0.0,0.0
1737149367.5012436,8905,1737149444,840053196,,"['front_left_wheel', 'front_right_wheel', 'rear_left_wheel', 'rear_right_wheel']",307.1471835251363,411.81102362204723,307.1471835251363,411.81102362204723,0.0,0.0,0.0,0.0,0.0,0.0,0.0,0.0
1737149367.5998678,8906,1737149444,938816198,,"['front_left_wheel', 'front_right_wheel', 'rear_left_wheel', 'rear_right_wheel']",307.1471835251363,411.81102362204723,307.1471835251363,411.81102362204723,0.0,0.0,0.0,0.0,0.0,0.0,0.0,0.0
1737149367.6992605,8907,1737149445,38752313,,"['front_left_wheel', 'front_right_wheel', 'rear_left_wheel', 'rear_right_wheel']",307.1471835251363,411.81102362204723,307.1471835251363,411.81102362204723,0.0,0.0,0.0,0.0,0.0,0.0,0.0,0.0
1737149367.7972753,8908,1737149445,136794449,,"['front_left_wheel', 'front_right_wheel', 'rear_left_wheel', 'rear_right_wheel']",307.1471835251363,411.81102362204723,307.1471835251363,411.81102362204723,0.0,0.0,0.0,0.0,0.0,0.0,0.0,0.0
1737149367.8972983,8909,1737149445,236711835,,"['front_left_wheel', 'front_right_wheel', 'rear_left_wheel', 'rear_right_wheel']",307.1471835251363,411.81102362204723,307.1471835251363,411.81102362204723,0.0,0.0,0.0,0.0,0.0,0.0,0.0,0.0
1737149367.996589,8910,1737149445,335670823,,"['front_left_wheel', 'front_right_wheel', 'rear_left_wheel', 'rear_right_wheel']",307.1471835251363,411.81102362204723,307.1471835251363,411.81102362204723,0.0,0.0,0.0,0.0,0.0,0.0,0.0,0.0
1737149368.1067135,8911,1737149445,445673805,,"['front_left_wheel', 'front_right_wheel', 'rear_left_wheel', 'rear_right_wheel']",307.1471835251363,411.81102362204723,307.1471835251363,411.81102362204723,0.0,0.0,0.0,0.0,0.0,0.0,0.0,0.0
1737149368.2052183,8912,1737149445,544729159,,"['front_left_wheel', 'front_right_wheel', 'rear_left_wheel', 'rear_right_wheel']",307.1471835251363,411.81102362204723,307.1471835251363,411.81102362204723,0.0,0.0,0.0,0.0,0.0,0.0,0.0,0.0
1737149368.3036797,8913,1737149445,643188092,,"['front_left_wheel', 'front_right_wheel', 'rear_left_wheel', 'rear_right_wheel']",307.1471835251363,411.81102362204723,307.1471835251363,411.81102362204723,0.0,0.0,0.0,0.0,0.0,0.0,0.0,0.0
1737149368.4031177,8914,1737149445,742457678,,"['front_left_wheel', 'front_right_wheel', 'rear_left_wheel', 'rear_right_wheel']",307.1471835251363,411.81102362204723,307.1471835251363,411.81102362204723,0.0,0.0,0.0,0.0,0.0,0.0,0.0,0.0
1737149368.5022209,8915,1737149445,841502052,,"['front_left_wheel', 'front_right_wheel', 'rear_left_wheel', 'rear_right_wheel']",307.1471835251363,411.81102362204723,307.1471835251363,411.81102362204723,0.0,0.0,0.0,0.0,0.0,0.0,0.0,0.0
1737149368.6013198,8916,1737149445,940506938,,"['front_left_wheel', 'front_right_wheel', 'rear_left_wheel', 'rear_right_wheel']",307.1471835251363,411.81102362204723,307.1471835251363,411.81102362204723,0.0,0.0,0.0,0.0,0.0,0.0,0.0,0.0
1737149368.7009752,8917,1737149446,39638267,,"['front_left_wheel', 'front_right_wheel', 'rear_left_wheel', 'rear_right_wheel']",307.1471835251363,411.81102362204723,307.1471835251363,411.81102362204723,0.0,0.0,0.0,0.0,0.0,0.0,0.0,0.0
1737149368.803,8918,1737149446,137999018,,"['front_left_wheel', 'front_right_wheel', 'rear_left_wheel', 'rear_right_wheel']",307.1471835251363,411.81102362204723,307.1471835251363,411.81102362204723,0.0,0.0,0.0,0.0,0.0,0.0,0.0,0.0
1737149368.8980885,8919,1737149446,236968569,,"['front_left_wheel', 'front_right_wheel', 'rear_left_wheel', 'rear_right_wheel']",307.1471835251363,411.81102362204723,307.1471835251363,411.81102362204723,0.0,0.0,0.0,0.0,0.0,0.0,0.0,0.0
1737149368.9973555,8920,1737149446,336695453,,"['front_left_wheel', 'front_right_wheel', 'rear_left_wheel', 'rear_right_wheel']",307.1471835251363,411.81102362204723,307.1471835251363,411.81102362204723,0.0,0.0,0.0,0.0,0.0,0.0,0.0,0.0
1737149369.0962284,8921,1737149446,435353407,,"['front_left_wheel', 'front_right_wheel', 'rear_left_wheel', 'rear_right_wheel']",307.1471835251363,411.81102362204723,307.1471835251363,411.81102362204723,0.0,0.0,0.0,0.0,0.0,0.0,0.0,0.0
1737149369.2055807,8922,1737149446,545225489,,"['front_left_wheel', 'front_right_wheel', 'rear_left_wheel', 'rear_right_wheel']",307.1471835251363,411.81102362204723,307.1471835251363,411.81102362204723,0.0,0.0,0.0,0.0,0.0,0.0,0.0,0.0
1737149369.3046904,8923,1737149446,644182266,,"['front_left_wheel', 'front_right_wheel', 'rear_left_wheel', 'rear_right_wheel']",307.1471835251363,411.81102362204723,307.1471835251363,411.81102362204723,0.0,0.0,0.0,0.0,0.0,0.0,0.0,0.0
1737149369.4043596,8924,1737149446,743469353,,"['front_left_wheel', 'front_right_wheel', 'rear_left_wheel', 'rear_right_wheel']",307.1471835251363,411.81102362204723,307.1471835251363,411.81102362204723,0.0,0.0,0.0,0.0,0.0,0.0,0.0,0.0
1737149369.5029023,8925,1737149446,842260419,,"['front_left_wheel', 'front_right_wheel', 'rear_left_wheel', 'rear_right_wheel']",307.1471835251363,411.81102362204723,307.1471835251363,411.81102362204723,0.0,0.0,0.0,0.0,0.0,0.0,0.0,0.0
1737149369.6022902,8926,1737149446,941073953,,"['front_left_wheel', 'front_right_wheel', 'rear_left_wheel', 'rear_right_wheel']",307.1471835251363,411.81102362204723,307.1471835251363,411.81102362204723,0.0,0.0,0.0,0.0,0.0,0.0,0.0,0.0
