odom_VelLinX,IMU_fil_AngZ,enu_x,enu_y,enu_x_head,enu_y_head,pos_x,pos_y,time
-2.31585584042904e-16,0.00437728734686971,0.0379185609138851,0.0427140399105799,0.141153562655652,7.82942454119612e-05,11.9724729191691,-2.61690762781681,0
-2.31585584042904e-16,0.00437728734686971,0.0688886170642767,0.0632557517233915,0.153791905469428,-0.00164846771531112,11.9724729191691,-2.61690762781681,0.000222682952880859
-2.31585584042904e-16,0.00437728734686971,0.0874730241903564,0.0826504235469716,0.153791905469428,-0.00164846771531112,11.9724729191691,-2.61690762781681,0.00050663948059082
-2.31585584042904e-16,0.00437728734686971,0.0874730241903564,0.0826504235469716,0.153791905469428,-0.00164846771531112,11.9724729191691,-2.61690762781681,0.000749588012695312
-2.31585584042904e-16,0.00437728734686971,0.12788964788276,0.117134062023651,0.159331485548083,-0.00593735250199302,11.9724729191691,-2.61690762781681,0.0011742115020752
-2.31585584042904e-16,0.00437728734686971,0.144032834531401,0.13214865026852,0.177865156798066,-0.00180814350397178,11.9724729191691,-2.61690762781681,0.00156998634338379
-2.31585584042904e-16,0.00437728734686971,0.144032834531401,0.13214865026852,0.177865156798066,-0.00180814350397178,11.9724729191691,-2.61690762781681,0.00206255912780762
-2.31585584042904e-16,0.00437728734686971,0.18146657763174,0.167812293516731,0.198258381185814,0.0047177827773233,11.9724729191691,-2.61690762781681,0.0874450206756592
-2.31585584042904e-16,0.000798481283709407,0.194006702329229,0.176584875861659,0.198258381185814,0.0047177827773233,11.9724729191691,-2.61690762781681,0.185711622238159
-2.31585584042904e-16,0.000541611923836172,0.212363011578405,0.187222768439929,0.219001521949232,0.00682235913117031,11.9724729191691,-2.61690762781681,0.284809589385986
-2.31585584042904e-16,-0.000895995297469199,0.226013733613356,0.19834978140321,0.219001521949232,0.00682235913117031,11.9724729191691,-2.61690762781681,0.383954048156738
-2.31585584042904e-16,0.00209005549550056,0.244929280128075,0.211597069668759,0.236603114912678,0.00952874766470696,11.9724729191691,-2.61690762781681,0.483457803726196
-2.31585584042904e-16,-0.000636663869954646,0.255975965457208,0.225944352942011,0.236603114912678,0.00952874766470696,11.9724729191691,-2.61690762781681,0.59304141998291
-2.31585584042904e-16,0.00199616886675358,0.279340263577683,0.241133725591576,0.260404947180163,0.0145708896504433,11.9724729191691,-2.61690762781681,0.691365957260132
-2.31585584042904e-16,-0.000294400029815733,0.298843816947958,0.254025566204965,0.260404947180163,0.0145708896504433,11.9724729191691,-2.61690762781681,0.79139256477356
-2.31585584042904e-16,-0.000837476283777505,0.317336266929606,0.266194770491886,0.278673904375165,0.0188257421975967,11.9724729191691,-2.61690762781681,0.890546798706055
-2.31585584042904e-16,-0.00067637610482052,0.338470858189026,0.278581668350261,0.278673904375165,0.0188257421975967,11.9724729191691,-2.61690762781681,0.988652229309082
-2.31585584042904e-16,0.00266770133748651,0.35699203975859,0.290923870526387,0.300485953829412,0.0242476114894508,11.9724729191691,-2.61690762781681,1.08838868141174
-2.31585584042904e-16,-0.000537585117854178,0.380203859014495,0.304060789909727,0.300485953829412,0.0242476114894508,11.9724729191691,-2.61690762781681,1.1871645450592
-2.31585584042904e-16,-0.00143852701876312,0.406309386632735,0.320414842215321,0.327284312923865,0.0323540450193515,11.9724729191691,-2.61690762781681,1.28659820556641
-2.31585584042904e-16,0.00244956649839878,0.437251485662771,0.334278101073818,0.327284312923865,0.0323540450193515,11.9724729191691,-2.61690762781681,1.38530540466309
-2.31585584042904e-16,0.000495476997457445,0.459724267825851,0.351020404124826,0.344004078032215,0.0368279154984403,11.9724729191691,-2.61690762781681,1.48453450202942
-2.31585584042904e-16,0.0035379403270781,0.48846923854117,0.367421698377589,0.344004078032215,0.0368279154984403,11.9724729191691,-2.61690762781681,1.58339476585388
-2.31585584042904e-16,0.00109533150680363,0.514356052112365,0.381682196630217,0.363637068493306,0.042605491397924,11.9724729191691,-2.61690762781681,1.69327855110168
-2.31585584042904e-16,0.00118269631639123,0.54059037051287,0.399537927839862,0.363637068493306,0.042605491397924,11.9724729191691,-2.61690762781681,1.7917160987854
-2.31585584042904e-16,-0.000151486223330721,0.560539499687531,0.418224876179742,0.380135087605827,0.0517749651307233,11.9724729191691,-2.61690762781681,1.89071679115295
-2.31585584042904e-16,0.00119788071606308,0.576283586473646,0.42658951865904,0.380135087605827,0.0517749651307233,11.9724729191691,-2.61690762781681,1.99097013473511
-2.31585584042904e-16,0.00249379174783826,0.5976872967847,0.437399546565488,0.380135087605827,0.0517749651307233,11.9724729191691,-2.61690762781681,2.08828473091125
-2.31585584042904e-16,-0.000357116659870371,0.613058201003305,0.444769122766514,0.396475011306864,0.0583253882750906,11.9724729191691,-2.61690762781681,2.18835115432739
-2.31585584042904e-16,0.00358159281313419,0.629591240856389,0.452171914119271,0.410918895916655,0.06302093144701,11.9724729191691,-2.61690762781681,2.28736209869385
-2.31585584042904e-16,-0.00139373796992004,0.643779543701676,0.45420780649508,0.410918895916655,0.06302093144701,11.9724729191691,-2.61690762781681,2.38696694374084
-2.31585584042904e-16,0.000792200560681522,0.662183798968681,0.459632909608128,0.434589917453875,0.0685299594356694,11.9724729191691,-2.61690762781681,2.48483920097351
-2.31585584042904e-16,-0.000305484456475824,0.68014617882958,0.463253408355825,0.434589917453875,0.0685299594356694,11.9724729191691,-2.61690762781681,2.58425259590149
-2.31585584042904e-16,-0.00226309127174318,0.695982116347744,0.470834408357142,0.453729368651838,0.071897798770544,11.9724729191691,-2.61690762781681,2.68309354782104
-2.31585584042904e-16,-0.00159239734057337,0.708942411877123,0.480223883161299,0.453729368651838,0.071897798770544,11.9724729191691,-2.61690762781681,2.79288220405579
-2.31585584042904e-16,0.00193618063349277,0.719905240069483,0.48472550788741,0.475618227537005,0.0767873662749079,11.9724729191691,-2.61690762781681,2.89217686653137
-2.31585584042904e-16,0.00452083675190806,0.737263458331636,0.491597832667862,0.475618227537005,0.0767873662749079,11.9724729191691,-2.61690762781681,2.99081373214722
-2.31585584042904e-16,5.17457374371588e-05,0.747558924846429,0.491131802689167,0.495200618148388,0.0785156157418932,11.9724729191691,-2.61690762781681,3.09004640579224
-2.31585584042904e-16,0.00108947604894638,0.756442148240264,0.481461401445538,0.495200618148388,0.0785156157418932,11.9724729191691,-2.61690762781681,3.18877339363098
-2.31585584042904e-16,0.00186913483776152,0.766657181716511,0.473473053014199,0.506814111908017,0.0788413675854114,11.9724729191691,-2.61690762781681,3.28817534446716
-2.31585584042904e-16,0.00251860963180661,0.779150939535507,0.463304148456918,0.506814111908017,0.0788413675854114,11.9724729191691,-2.61690762781681,3.38703894615173
-2.31585584042904e-16,-0.00188738584984094,0.787861556849364,0.453379894420277,0.522087109977998,0.0794242359794031,11.9724729191691,-2.61690762781681,3.48763251304626
-2.31585584042904e-16,0.00236425758339465,0.800205289040495,0.446579173806418,0.522087109977998,0.0794242359794031,11.9724729191691,-2.61690762781681,3.58492851257324
-2.31585584042904e-16,-0.000563541892915964,0.80903272438261,0.436080717215662,0.537278136459531,0.0796846948732013,11.9724729191691,-2.61690762781681,3.68373370170593
-2.31585584042904e-16,-0.000761924020480365,0.819410272805075,0.426694963873737,0.537278136459531,0.0796846948732013,11.9724729191691,-2.61690762781681,3.78260731697083
-2.31585584042904e-16,-0.000141583936056122,0.83149244398184,0.415274416912052,0.547207580299769,0.0763728461426741,11.9724729191691,-2.61690762781681,3.89331817626953
-2.31585584042904e-16,0.00275746779516339,0.824492195178867,0.362830478939863,0.547207580299769,0.0763728461426741,11.9724729191691,-2.61690762781681,3.99178600311279
-2.31585584042904e-16,0.000853123143315315,0.812797098390338,0.311796578397418,0.55947384250167,0.075026628644869,11.9724729191691,-2.61690762781681,4.09032583236694
-2.31585584042904e-16,0.00010255235247314,0.803404779552097,0.263317664251321,0.55947384250167,0.075026628644869,11.9724729191691,-2.61690762781681,4.19006967544556
-2.31585584042904e-16,0.00224870210513473,0.795890165263493,0.218533018553069,0.563865220714187,0.0682361895697101,11.9724729191691,-2.61690762781681,4.28923559188843
-2.31585584042904e-16,-0.000622251827735454,0.790084492876745,0.178990603583264,0.563865220714187,0.0682361895697101,11.9724729191691,-2.61690762781681,4.387690782547
-2.31585584042904e-16,0.00106034008786082,0.79177478203435,0.146904561344169,0.567038343127896,0.0642160259609299,11.9724729191691,-2.61690762781681,4.48723721504211
-2.31585584042904e-16,0.00213326094672084,0.787712109358896,0.118021468879387,0.567038343127896,0.0642160259609299,11.9724729191691,-2.61690762781681,4.58754467964172
-2.31585584042904e-16,0.00140289170667529,0.791112174174367,0.0922059809230416,0.575192364946601,0.0595128277653658,11.9724729191691,-2.61690762781681,4.68627071380615
-2.31585584042904e-16,-0.00173943513073027,0.793855397927513,0.0665720877098137,0.575192364946601,0.0595128277653658,11.9724729191691,-2.61690762781681,4.78400778770447
-2.31585584042904e-16,0.00121948588639498,0.797933085359504,0.0363059174975651,0.579300002581697,0.056337557724869,11.9724729191691,-2.61690762781681,4.88288354873657
-2.31585584042904e-16,0.000848820200189948,0.798331110637647,0.0109256465723079,0.579300002581697,0.056337557724869,11.9724729191691,-2.61690762781681,4.99251174926758
-2.31585584042904e-16,0.00292773451656103,0.7955273826647,-0.0163412235798962,0.588910720803258,0.0579837246997701,11.9724729191691,-2.61690762781681,5.09773516654968
-2.31585584042904e-16,-0.000544576672837138,0.803464928038663,-0.0430497175527448,0.588910720803258,0.0579837246997701,11.9724729191691,-2.61690762781681,5.19034910202026
-2.31585584042904e-16,0.00121756340377033,0.808585901303698,-0.065516261612386,0.599627208489142,0.0568578697552558,11.9724729191691,-2.61690762781681,5.29011583328247
-2.31585584042904e-16,0.00143629941157997,0.817193614073797,-0.0842342445994484,0.599627208489142,0.0568578697552558,11.9724729191691,-2.61690762781681,5.38978862762451
-2.31585584042904e-16,-0.00136465765535831,0.823917775772814,-0.102012817232359,0.611173824664058,0.0557256850484455,11.9724729191691,-2.61690762781681,5.48702073097229
-2.31585584042904e-16,0.000924290623515844,0.825168352487477,-0.118957960000703,0.611173824664058,0.0557256850484455,11.9724729191691,-2.61690762781681,5.58716559410095
-2.31585584042904e-16,-0.000765314092859626,0.834628447573509,-0.132446341448007,0.618148035321453,0.0538671662359387,11.9724729191691,-2.61690762781681,5.68683218955994
-2.31585584042904e-16,0.00208803452551365,0.84531319983794,-0.137701993173484,0.618148035321453,0.0538671662359387,11.9724729191691,-2.61690762781681,5.78444981575012
-2.31585584042904e-16,-0.000149005034472793,0.85358498877603,-0.149513043813969,0.631083096630768,0.055601149659561,11.9724729191691,-2.61690762781681,5.88400411605835
-2.31585584042904e-16,0.0016856457805261,0.864134676568726,-0.157938652547739,0.631083096630768,0.055601149659561,11.9724729191691,-2.61690762781681,5.98216319084167
-2.31585584042904e-16,0.000890856375917792,0.864774094065156,-0.168331731848116,0.633252082797887,0.0523217260473585,11.9724729191691,-2.61690762781681,6.09293842315674
-2.31585584042904e-16,-0.00147345650475472,0.872951709066554,-0.170052601882932,0.633252082797887,0.0523217260473585,11.9724729191691,-2.61690762781681,6.19166851043701
-2.31585584042904e-16,0.000993615016341209,0.881962421523854,-0.172095927959765,0.637926529500857,0.0454796172627397,11.9724729191691,-2.61690762781681,6.29009008407593
-2.31585584042904e-16,0.00146275863517076,0.889550101608725,-0.181621708300045,0.637926529500857,0.0454796172627397,11.9724729191691,-2.61690762781681,6.38915967941284
-2.31585584042904e-16,0.00141001178417355,0.902976482791029,-0.183037132071031,0.634621222889624,0.0361654559812654,11.9724729191691,-2.61690762781681,6.48936700820923
-2.31585584042904e-16,0.000684390950482339,0.912375264068537,-0.186808383136146,0.634621222889624,0.0361654559812654,11.9724729191691,-2.61690762781681,6.58852005004883
-2.31585584042904e-16,0.00158690835814923,0.921375479832029,-0.191237545774611,0.637046446524237,0.0293770285243322,11.9724729191691,-2.61690762781681,6.68711018562317
-2.31585584042904e-16,-0.00424615386873484,0.927106612372704,-0.195290735640039,0.637046446524237,0.0293770285243322,11.9724729191691,-2.61690762781681,6.78763198852539
-2.31585584042904e-16,-0.000650128698907793,0.941930702769276,-0.193500958726122,0.635357528268626,0.0210535782495782,11.9724729191691,-2.61690762781681,6.88475060462952
-2.31585584042904e-16,0.0021591791883111,0.948813966516528,-0.192895319579857,0.635357528268626,0.0210535782495782,11.9724729191691,-2.61690762781681,6.98380947113037
-2.31585584042904e-16,0.00172616890631616,0.961805274638008,-0.193508132471121,0.644041067321601,0.0163052974377356,11.9724729191691,-2.61690762781681,7.08269643783569
-2.31585584042904e-16,0.00396616896614432,0.975212713019846,-0.191231382284892,0.644041067321601,0.0163052974377356,11.9724729191691,-2.61690762781681,7.19260239601135
-2.31585584042904e-16,0.00110360700637102,0.992618292797053,-0.187014081687646,0.650485275059774,0.0161298216555756,11.9724729191691,-2.61690762781681,7.29185962677002
-2.31585584042904e-16,0.00118886586278677,1.0070441625412,-0.182555319944697,0.650485275059774,0.0161298216555756,11.9724729191691,-2.61690762781681,7.39092254638672
-2.31585584042904e-16,-0.00080962257925421,1.01739195477563,-0.184010069893279,0.646370493586158,0.00664311710515059,11.9724729191691,-2.61690762781681,7.48983860015869
-2.31585584042904e-16,-0.00198350660502911,1.02803805799138,-0.187469354086143,0.646370493586158,0.00664311710515059,11.9724729191691,-2.61690762781681,7.58971905708313
-2.31585584042904e-16,-0.00124426453839988,1.03976148218959,-0.192993144903747,0.647534980768072,0.00140758833326682,11.9724729191691,-2.61690762781681,7.68770551681519
-2.31585584042904e-16,0.00176319887395948,1.04910854817508,-0.200604322157797,0.647534980768072,0.00140758833326682,11.9724729191691,-2.61690762781681,7.78689932823181
-2.31585584042904e-16,0.00339207635261118,1.05413617995267,-0.209614422048864,0.645264826750516,-0.00448309130783225,11.9724729191691,-2.61690762781681,7.88718581199646
-2.31585584042904e-16,-0.00215183151885867,1.06263915654265,-0.224387117577869,0.645264826750516,-0.00448309130783225,11.9724729191691,-2.61690762781681,7.98454141616821
-2.31585584042904e-16,0.00300944806076586,1.06833809714152,-0.236497944128622,0.652502279227301,-0.0102914588049763,11.9724729191691,-2.61690762781681,8.08433866500854
-2.31585584042904e-16,-0.000678026815876365,1.08051294293716,-0.241449627072699,0.652502279227301,-0.0102914588049763,11.9724729191691,-2.61690762781681,8.18215227127075
-2.31585584042904e-16,0.00131966662593186,1.09057403186587,-0.246724424417095,0.663550623890983,-0.0107587684087471,11.9724729191691,-2.61690762781681,8.29297924041748
-2.31585584042904e-16,0.00140971981454641,1.10114631525645,-0.248861907058096,0.663550623890983,-0.0107587684087471,11.9724729191691,-2.61690762781681,8.39125084877014
-2.31585584042904e-16,-0.00011112802894786,1.10956848844738,-0.256337463885853,0.673868244700463,-0.0126376508536613,11.9724729191691,-2.61690762781681,8.49059629440308
-2.31585584042904e-16,0.000410235283197835,1.11798947528525,-0.260143837201133,0.673868244700463,-0.0126376508536613,11.9724729191691,-2.61690762781681,8.58914303779602
-2.31585584042904e-16,-0.00376673182472587,1.12852757719305,-0.262115731158153,0.682750003166316,-0.0167295598560229,11.9724729191691,-2.61690762781681,8.68819832801819
-2.31585584042904e-16,0.00312133179977536,1.13646477298857,-0.27064091629702,0.682750003166316,-0.0167295598560229,11.9724729191691,-2.61690762781681,8.78809356689453
-2.31585584042904e-16,-0.00103351753205061,1.15174216887962,-0.267101559311992,0.691934085898055,-0.0238598673288912,11.9724729191691,-2.61690762781681,8.88644576072693
-2.31585584042904e-16,0.00431360211223364,1.16546894208827,-0.260956513417954,0.691934085898055,-0.0238598673288912,11.9724729191691,-2.61690762781681,8.98675656318665
-2.31585584042904e-16,0.00254868133924901,1.17609616869399,-0.25931119713792,0.700849405144217,-0.0281889344225219,11.9724729191691,-2.61690762781681,9.08491373062134
-2.31585584042904e-16,-0.00225591659545898,1.18975087257844,-0.256614739984688,0.700849405144217,-0.0281889344225219,11.9724729191691,-2.61690762781681,9.18313193321228
-2.31585584042904e-16,0.000225183073780499,1.19826151241278,-0.253751939578215,0.716055484581975,-0.0291051952666578,11.9724729191691,-2.61690762781681,9.28220915794373
-2.31585584042904e-16,0.00134330382570624,1.21411878074783,-0.249181924835996,0.716055484581975,-0.0291051952666578,11.9724729191691,-2.61690762781681,9.39296507835388
-2.31585584042904e-16,0.00198929850012064,1.22801625836819,-0.247747061701488,0.730387275280422,-0.0274861439014402,11.9724729191691,-2.61690762781681,9.49916887283325
-2.31585584042904e-16,0.000649397727102041,1.24265113283459,-0.238387859554028,0.730387275280422,-0.0274861439014402,11.9724729191691,-2.61690762781681,9.59067392349243
-2.31585584042904e-16,0.000114802794996649,1.25841158594658,-0.227526780179745,0.755067486374863,-0.0234998874577648,11.9724729191691,-2.61690762781681,9.689701795578
-2.31585584042904e-16,-0.000438260642113164,1.27213569102928,-0.223775651955447,0.755067486374863,-0.0234998874577648,11.9724729191691,-2.61690762781681,9.78861117362976
-2.31585584042904e-16,-0.00234409514814615,1.28860488660407,-0.218211688795521,0.764878695071424,-0.0262442116212296,11.9724729191691,-2.61690762781681,9.88837933540344
-2.31585584042904e-16,0.00167068757582456,1.30500625876242,-0.213629332691516,0.764878695071424,-0.0262442116212296,11.9724729191691,-2.61690762781681,9.98674201965332
-2.31585584042904e-16,-0.000512008380610496,1.32237454058762,-0.205082686141718,0.7804293299529,-0.0221352728485553,11.9724729191691,-2.61690762781681,10.0856091976166
-2.31585584042904e-16,-0.00104400760028511,1.3360604218733,-0.200201044869057,0.7804293299529,-0.0221352728485553,11.9724729191691,-2.61690762781681,10.1842532157898
-2.31585584042904e-16,-0.00198715017177165,1.36038824165183,-0.191505901873145,0.797761398856037,-0.0219575603545355,11.9724729191691,-2.61690762781681,10.2870845794678
-2.31585584042904e-16,-0.00282731465995312,1.38172981988879,-0.183864172101573,0.797761398856037,-0.0219575603545355,11.9724729191691,-2.61690762781681,10.3828477859497
-2.31585584042904e-16,0.0013326732441783,1.39881743223499,-0.177890423333161,0.816432315794618,-0.0192051226050686,11.9724729191691,-2.61690762781681,10.4942076206207
-2.31585584042904e-16,0.00286944699473679,1.41248698822773,-0.171563177674962,0.816432315794618,-0.0192051226050686,11.9724729191691,-2.61690762781681,10.591240644455
-2.31585584042904e-16,0.0021478608250618,1.43022144832141,-0.163262274570976,0.83441920589862,-0.0183069055611484,11.9724729191691,-2.61690762781681,10.6903321743011
-2.31585584042904e-16,0.0002881761174649,1.43978748434918,-0.158425209249178,0.83441920589862,-0.0183069055611484,11.9724729191691,-2.61690762781681,10.7891154289246
0.0100315219511149,0.0085459528490901,1.45151283983053,-0.158720802290248,0.841218654389381,-0.0208496415265393,11.9708488820511,-2.61574036459051,10.8887274265289
0.0654488582733218,0.00185414066072553,1.46149305644606,-0.156225819632171,0.841218654389381,-0.0208496415265393,11.9619226816489,-2.60931207468043,10.9880957603455
0.108974246598951,0.0511721931397915,1.47416833986966,-0.150131509765166,0.863086741028467,-0.00280482284538897,11.9534223362979,-2.60314815316977,11.0863246917725
0.093695175764029,0.0194953866302967,1.48602584219982,-0.15023301096833,0.863086741028467,-0.00280482284538897,11.946965684043,-2.5984246410061,11.186366558075
0.09307923944751,0.0391800850629807,1.50088763780581,-0.142751691200566,0.886507392422102,0.00971229048198297,11.9385233095616,-2.59218157124125,11.2849147319794
0.101118946922012,0.049014400690794,1.51937203861674,-0.13510156355136,0.886507392422102,0.00971229048198297,11.930922077977,-2.58648324195378,11.3832712173462
0.0884559721147339,0.0898672491312027,1.54087103743795,-0.124199681551729,0.91125755750725,0.0338099967555261,11.924550299236,-2.58164585959828,11.4829425811768
0.090318876180636,0.0817743912339211,1.55250894037432,-0.120765536521796,0.91125755750725,0.0338099967555261,11.9158390865272,-2.57492917195928,11.5926628112793
0.105692204019926,0.116746462881565,1.56676571347604,-0.118144750715677,0.930350411454635,0.0559312496386493,11.907197380473,-2.56812331794698,11.6920619010925
0.0958634046857468,0.0681038275361061,1.58204665281062,-0.115539211122198,0.930350411454635,0.0559312496386493,11.900959007043,-2.56311508482997,11.7908666133881
0.0935387038577331,0.073310375213623,1.60021065958475,-0.103719001788857,0.948735426122234,0.0784598763493295,11.8928360552888,-2.55646179246749,11.8936569690704
0.0935372114118047,0.132738992571831,1.61614396326108,-0.0899621078201032,0.948735426122234,0.0784598763493295,11.8867067603624,-2.55132067651652,11.9890718460083
0.0906412667981786,0.139711886644363,1.63466207887054,-0.0760849976329336,0.971919574461596,0.105568276461373,11.8791237787852,-2.54480170693099,12.0880715847015
0.106375748702627,0.145593836903572,1.64179186775866,-0.0684191410277891,0.971919574461596,0.105568276461373,11.8708906683589,-2.53750698003108,12.1872425079346
0.0886582896463172,0.132947251200676,1.65145000526955,-0.0611950011049558,0.987306389565344,0.131486466925508,11.8660885570355,-2.53312643127912,12.2855014801025
0.0911086355681034,0.137539565563202,1.65861820068542,-0.0487277398115404,0.987306389565344,0.131486466925508,11.8577093813238,-2.52525014147625,12.3843410015106
0.103679395721608,0.147118330001831,1.65850791295966,-0.045435584980475,1.00517372793963,0.157506315496696,11.8512534034205,-2.51897966775198,12.4835085868835
0.100809028032185,0.140841141343117,1.67426355582799,-0.0345935943414566,1.00517372793963,0.157506315496696,11.8434855079135,-2.51119141074365,12.5824952125549
0.116847388954307,0.096074715256691,1.67992225626133,-0.0236568677319864,1.01848513551455,0.180360361667698,11.8341188321976,-2.50146975453047,12.6925766468048
0.111634620806025,0.126653984189034,1.68283782467834,-0.0145490743444018,1.01848513551455,0.180360361667698,11.8273129145591,-2.49414332463385,12.7917025089264
0.0988099262538631,0.123841688036919,1.68192873104681,-0.0075609249843529,1.03809569519075,0.196320537500962,11.8209751634291,-2.48706656405131,12.8898477554321
0.103480060144428,0.125745475292206,1.68101277894483,0.00231852173186309,1.03809569519075,0.196320537500962,11.8138106723063,-2.47872006081944,12.9896371364594
0.0928577167728105,0.109478853642941,1.68695362621391,0.0178087864644131,1.06030406309601,0.210108916672188,11.8090464463945,-2.47292776644284,13.0895447731018
0.101514340640919,0.138752177357674,1.67966902785194,0.0256225431001941,1.06030406309601,0.210108916672188,11.8013246667377,-2.46309849591934,13.1876809597015
0.0987176848355912,0.18235270678997,1.67276943264929,0.034936480668699,1.07676059065147,0.227187258341888,11.7971327794051,-2.45749257447721,13.286789894104
0.0937761073221537,0.196762472391129,1.66470773807893,0.0430360479430075,1.07676059065147,0.227187258341888,11.7904587804745,-2.44812770798956,13.3851804733276
0.113748333849757,0.175351113080978,1.65606041685461,0.0511084758035086,1.08934530563485,0.247147874354677,11.7843243217879,-2.43899757093924,13.4851458072662
0.0929394907932994,0.187385722994804,1.64398565900409,0.0512353675875101,1.08934530563485,0.247147874354677,11.7802970541008,-2.43267069886205,13.5837287902832
0.0988538600892358,0.19764356315136,1.63586576034246,0.0470015161686801,1.09228127732288,0.267959667710782,11.7741254386123,-2.42238004361562,13.6825742721558
0.113310282370779,0.187809020280838,1.62184079174337,0.0447541181458462,1.09228127732288,0.267959667710782,11.7685506938618,-2.41232225809285,13.7921164035797
0.0925723961099465,0.19291315972805,1.60929086737938,0.0381961336208411,1.0893232470378,0.290208730842339,11.7648867554283,-2.40521086548616,13.8918173313141
0.0934030253679507,0.228741407394409,1.60664968268941,0.0331861241902418,1.0893232470378,0.290208730842339,11.7603546650737,-2.39573983958187,13.9897294044495
0.111315493016954,0.255745410919189,1.60463025282895,0.036582821135487,1.08801148796305,0.307944912521057,11.7557525008788,-2.38520155456819,14.0889625549316
0.0958712212417209,0.228273451328278,1.60818162541201,0.0380981485759282,1.08801148796305,0.307944912521057,11.7529643173753,-2.37823929563128,14.1882708072662
0.0961552239179895,0.29252877831459,1.61145206362715,0.0455026566306752,1.09302157172363,0.319508204867372,11.7490304801079,-2.36743379928175,14.2870140075684
0.100984817496206,0.286684840917587,1.61503954091088,0.0467340374223203,1.09302157172363,0.319508204867372,11.7464005971167,-2.35935122596353,14.3878645896912
0.10315173299157,0.250891238451004,1.62061070990641,0.0496142353048449,1.1028666289084,0.333859263524974,11.7431115142123,-2.34781173866916,14.4862952232361
0.111189874844233,0.247000828385353,1.63002455170528,0.0518769876000175,1.1028666289084,0.333859263524974,11.7407590323633,-2.33809298415623,14.5842669010162
0.0960864305259678,0.291743129491806,1.64309846816003,0.0565896845057353,1.11022554839275,0.343671757260223,11.7389701109056,-2.32927310140615,14.6835851669312
0.0935593754177988,0.263782262802124,1.64849344640533,0.0521155749358195,1.11022554839275,0.343671757260223,11.7374266104806,-2.31989986183182,14.7823662757874
0.1003350751651,0.320890098810196,1.65864090863297,0.0523111353822686,1.12262014042686,0.358838897648581,11.7360261330698,-2.30848646779885,14.8926689624786
0.0926984107667009,0.338076055049896,1.65969848018452,0.0453185225654217,1.12262014042686,0.358838897648581,11.7353603846866,-2.30051455480723,14.9910216331482
0.0984730235539677,0.347902089357376,1.64666863079357,0.033219556577279,1.12016148901351,0.37937936970916,11.7348698361554,-2.28902619820234,15.0903866291046
0.113593286841373,0.383813828229904,1.6236492328001,0.0247605988707318,1.12016148901351,0.37937936970916,11.7349400115895,-2.27802750401586,15.1888749599457
0.098575865824046,0.304972589015961,1.58759893649044,-0.000805666838838703,1.13219042520182,0.405156415468449,11.7353633488718,-2.26953857298684,15.2882578372955
0.0956963647208256,0.398954451084137,1.55554807950725,-0.0154667778332858,1.13219042520182,0.405156415468449,11.736336349387,-2.25908475028726,15.3885834217072
0.0905701449420134,0.434963166713715,1.51531438798895,-0.0409902267027597,1.14627574804334,0.416348160707409,11.7373446426545,-2.25165325511294,15.4871783256531
0.0960452077447083,0.388166844844818,1.47549629292748,-0.0691632889425126,1.14627574804334,0.416348160707409,11.7393998935092,-2.2403397814403,15.5864861011505
0.116287865503915,0.368807584047318,1.44333575786244,-0.100306698252808,1.1721785944334,0.423134412063145,11.7420649150048,-2.22915433682293,15.6845216751099
0.0986658130514154,0.379343092441559,1.41949155806151,-0.123872940303223,1.1721785944334,0.423134412063145,11.7442911048709,-2.22147090888648,15.7830402851105
0.0934374098308479,0.42167603969574,1.3908800559032,-0.152679753283861,1.19015204735242,0.432208865298169,11.7476852277869,-2.21153592665377,15.8826379776001
0.107491148934517,0.436474502086639,1.36017715154442,-0.175568622410124,1.19015204735242,0.432208865298169,11.7521890444122,-2.20041498383633,15.9924268722534
0.102489988577459,0.440430521965027,1.32917610550551,-0.201788302611132,1.21757752151023,0.436481765128173,11.7562303537427,-2.19181859164309,16.0915353298187
0.0933338170744188,0.436197310686111,1.29820513026669,-0.222546556825807,1.21757752151023,0.436481765128173,11.7604611623387,-2.18387602749028,16.1960558891296
0.103824447238342,0.432806581258774,1.27145373011216,-0.24521462435637,1.26161256134727,0.435734747540788,11.7664223847625,-2.17404390453413,16.2886118888855
0.103576981039145,0.484763324260712,1.25204841575563,-0.25782022643184,1.26161256134727,0.435734747540788,11.7715014732955,-2.16661503326372,16.3889555931091
0.0985100938025872,0.481051713228226,1.23166515613792,-0.266077106796373,1.31417334910311,0.435611711492223,11.7778758121979,-2.15827321259879,16.4869911670685
0.0988563165970852,0.507593035697937,1.22313037300021,-0.269807891829705,1.31417334910311,0.435611711492223,11.7837349063427,-2.15144304467741,16.5868773460388
0.0957192723464817,0.594842612743378,1.21416083027263,-0.263845747334408,1.35178999926721,0.412302987066042,11.7906532153082,-2.14422426272483,16.6859512329102
0.108390684078042,0.56270045042038,1.19307640294203,-0.26188574873462,1.35178999926721,0.412302987066042,11.799108873632,-2.13643320521314,16.7841503620148
0.0960312469145701,0.512724161148071,1.17917413921554,-0.24938985535785,1.40165344280287,0.382470984809478,11.8049045431198,-2.1316739626067,16.8836162090302
0.093441140456755,0.53218013048172,1.17624979166372,-0.226370388530718,1.40165344280287,0.382470984809478,11.8137966728454,-2.12520254923601,16.9820628166199
0.107991136574012,0.587083280086517,1.17429492215099,-0.203104496104504,1.44380263678372,0.373134775046792,11.8235467982089,-2.11910903274953,17.092924118042
0.0924705206013963,0.569699466228485,1.17387415440181,-0.181085567932699,1.44380263678372,0.373134775046792,11.8305766979145,-2.11529250163718,17.1918563842773
0.0960272693238134,0.529321551322937,1.18206729531175,-0.147059520257735,1.50688756740936,0.345018898688181,11.8405426570923,-2.1106415383183,17.2902183532715
0.108675122181208,0.551254034042358,1.19137009995993,-0.110849078386481,1.50688756740936,0.345018898688181,11.850341314152,-2.10687441617337,17.3898410797119
0.0956330361804757,0.576773405075073,1.20175952682162,-0.0739847411300604,1.57821242819427,0.298720629740095,11.8584494398427,-2.10432686789985,17.4891967773438
0.099040215971598,0.62526923418045,1.21032313062195,-0.032104271054513,1.57821242819427,0.298720629740095,11.8691353037183,-2.10172818880511,17.5870463848114
0.0961159124265746,0.642229020595551,1.21656003677295,0.0150770166098239,1.62815916798142,0.250081097853291,11.8770147118277,-2.10035005018927,17.687139749527
0.100662791495959,0.569295346736908,1.22149197490374,0.0569467228845135,1.62815916798142,0.250081097853291,11.8889443031641,-2.09908222370347,17.7853512763977
0.0859249745318288,0.616176247596741,1.23253209226061,0.102497523704362,1.65190144835716,0.196303249914124,11.8939405844042,-2.09891262209557,17.884556055069
0.0989723789121102,0.60952091217041,1.24403872214042,0.144067955797311,1.65190144835716,0.196303249914124,11.9084272365188,-2.0994432405411,17.9831066131592
0.126548338987942,0.633922040462494,1.2591564966293,0.187075879232355,1.68524632663407,0.125701848876894,11.9188599471282,-2.10060986010865,18.0822031497955
0.100664044635362,0.716900289058685,1.27101772346084,0.227191212400318,1.68524632663407,0.125701848876894,11.9281970454546,-2.10234986711637,18.1822476387024
0.0888816817608321,0.710693418979645,1.28701994158649,0.274103657706286,1.72021663297084,0.0491185845758382,11.9369048606057,-2.1046177760237,18.2911803722382
0.101964606827462,0.69653594493866,1.29417992212788,0.311977097402713,1.72021663297084,0.0491185845758382,11.9482484099794,-2.10852101025459,18.3901562690735
0.103814835169789,0.710009157657623,1.30526279394014,0.35455121260092,1.74790409956638,-0.0257560002007423,11.9560442992602,-2.11190398942475,18.4891586303711
0.0958466533702967,0.740953385829926,1.31821255815792,0.397475289115021,1.74790409956638,-0.0257560002007423,11.9653443397256,-2.1167729350812,18.5882008075714
0.108478140953866,0.603115558624268,1.32856112453513,0.434603747434003,1.76987478774224,-0.116905652451167,11.9746317416031,-2.12266046929528,18.6875274181366
0.0958384341143337,0.681784331798553,1.34409283519446,0.471237812590022,1.76987478774224,-0.116905652451167,11.9810487846259,-2.12743566452377,18.7867159843445
0.0962314693233031,0.693695902824402,1.35998760133531,0.513050129081156,1.78675519853109,-0.209124745953524,11.9893488434864,-2.13464846577925,18.8847041130066
0.0960000260018569,0.756212770938873,1.38144765422686,0.561090656821836,1.78675519853109,-0.209124745953524,11.9949670956223,-2.14034187980415,18.9845898151398
0.0956779840904938,0.757970213890076,1.40907557703284,0.605249052081938,1.80085265128954,-0.301510655945928,12.0020530562682,-2.14875006643473,19.0836131572723
0.113616867194159,0.815989375114441,1.43524967280832,0.643128692056374,1.80085265128954,-0.301510655945928,12.0086043795185,-2.15819654143787,19.1836111545563
0.11043995634066,0.895366251468658,1.48151831954214,0.690802880243402,1.78918975415065,-0.394171648547638,12.0142267895656,-2.16822312919073,19.2922151088715
0.0904345145951547,0.997934997081757,1.53470852643312,0.736818618824899,1.78918975415065,-0.394171648547638,12.0173512096155,-2.17503991130992,19.3915281295776
0.0958191625502302,0.906586289405823,1.58615514921113,0.785475478579188,1.79130734362446,-0.497620309880229,12.0212765384505,-2.18584434328203,19.4901492595673
0.0955125861507222,0.788501501083374,1.63080487010968,0.823114911730681,1.79130734362446,-0.497620309880229,12.0232428086874,-2.19308050087446,19.589510679245
0.0959252665683023,0.786477446556091,1.66264056436928,0.846548688988693,1.76119364396797,-0.587940818790813,12.0252934987566,-2.20439094586635,19.6886038780212
0.116503396319426,0.809386968612671,1.6860965405465,0.874889170251967,1.76119364396797,-0.587940818790813,12.0261943867805,-2.21585097891478,19.7876763343811
0.101076891283944,0.788424551486969,1.71229934259388,0.913298936236335,1.67770365285278,-0.659843021029776,12.02609880109,-2.22434810117205,19.8867840766907
0.0958558640084777,0.83171135187149,1.72935274579373,0.942576930907779,1.67770365285278,-0.659843021029776,12.0250703063477,-2.23479384707451,19.9864218235016
0.0985241049109174,0.850002348423004,1.74753630303867,0.984287261866334,1.57997686672433,-0.706421063393626,12.0233778214014,-2.24363020377707,20.0842928886414
0.0937357582716769,0.927768886089325,1.76990343440475,1.02493148494086,1.57997686672433,-0.706421063393626,12.020775714471,-2.25276378276807,20.1824297904968
0.106276144475228,1.03707468509674,1.79021523225147,1.06013812303813,1.46912022632245,-0.741604004148029,12.0165686528712,-2.26346067189408,20.2818214893341
0.11029129261542,0.977406620979309,1.80547519307926,1.0991141213963,1.46912022632245,-0.741604004148029,12.0112292452602,-2.27363952594304,20.3920774459839
0.0975166468938817,1.02735269069672,1.83054415458601,1.13422172389374,1.33041752605275,-0.731391819086199,12.0062860074261,-2.281156995127,20.4916713237762
0.0958403858516423,1.14435613155365,1.86643773166453,1.15730530665081,1.33041752605275,-0.731391819086199,12.0000531159768,-2.28897207000385,20.5903251171112
0.101162902493683,1.15880751609802,1.90499315386034,1.18403172479971,1.22693914350251,-0.705065446705359,11.9930916157357,-2.29614533957503,20.6892569065094
0.0982351580551588,1.20966970920563,1.93963702648538,1.20221711863756,1.22693914350251,-0.705065446705359,11.9858677721213,-2.30231030847847,20.7893960475922
0.105736307643545,1.19108974933624,1.96249357787822,1.2116110390408,1.08785265698531,-0.626103001810779,11.9764117880873,-2.30884398018376,20.8874802589417
0.0960181207981837,1.16642105579376,1.99613854148575,1.21077176513944,1.08785265698531,-0.626103001810779,11.9698619645867,-2.3124938604133,20.986492395401
0.0935203304318471,1.08028149604797,2.04377074496108,1.20653650982968,0.990305800485221,-0.544506130661397,11.9597827527652,-2.31688359801758,21.0867054462433
0.0960906267332782,1.00252449512482,2.08344238703586,1.19504453486525,0.990305800485221,-0.544506130661397,11.9521659376071,-2.31932212642803,21.1839842796326
0.10108245355434,1.0480043888092,2.11733953858361,1.1805640544507,0.990305800485221,-0.544506130661397,11.9404274060822,-2.32177659784251,21.2831301689148
0.113784197896751,1.07135272026062,2.14325357330444,1.15419878947694,0.942505293956628,-0.465218474909327,11.9299749182336,-2.32271773675433,21.3820044994354
0.0909009541828474,1.08769643306732,2.17306686826546,1.12692310931914,0.895354903167021,-0.377796203360838,11.9224770967598,-2.32267644376235,21.4826459884644
0.0879543475493318,1.31654262542725,2.1930093452908,1.08949867264999,0.895354903167021,-0.377796203360838,11.9115465942377,-2.32150366243096,21.5907201766968
0.110706807500407,1.23295629024506,2.21452514112463,1.04890700198188,0.878657979479938,-0.257189493653931,11.8998680546377,-2.31877799460527,21.6903104782104
0.100725258640081,1.09905588626862,2.23668369194607,1.00591157550088,0.878657979479938,-0.257189493653931,11.8923225741015,-2.31612862196489,21.7890419960022
0.0932414948106618,1.01180982589722,2.258182248994,0.969593634139943,0.865688223189324,-0.137341995897776,11.882836212089,-2.31164112378318,21.8885824680328
0.0757019227002541,0.930481612682343,2.26243027261427,0.923942849656163,0.865688223189324,-0.137341995897776,11.8790157030122,-2.30926790868866,21.9875237941742
0.0982378331177835,0.893457472324371,2.25839653296888,0.870582406038033,0.880012010828257,-0.0580617949822847,11.8671881132019,-2.30005247306902,22.0870559215546
0.133882600128482,0.971103250980377,2.25780007020786,0.817171109276147,0.880012010828257,-0.0580617949822847,11.858988949282,-2.29200027349371,22.1849503517151
0.0961952840186771,1.04847586154938,2.26567753734606,0.767316733104456,0.918295789901817,0.0153131602335647,11.8542392700974,-2.28619896657404,22.2844316959381
0.0935392963579807,1.02125144004822,2.26651635878931,0.712504724826776,0.918295789901817,0.0153131602335647,11.8482497845524,-2.27698220672396,22.3829953670502
0.113919328845172,1.11603367328644,2.26343646451144,0.663098431665612,0.962259228144336,0.108549884073695,11.8433128952053,-2.26660502268158,22.4818413257599
0.0987465746403924,1.16939651966095,2.2496336760288,0.601673483746866,0.962259228144336,0.108549884073695,11.8404651699903,-2.25807240068911,22.5924286842346
0.0913047285013529,1.15665435791016,2.23949107542419,0.53864405361778,1.01581388458219,0.192589552441782,11.8383816800679,-2.24829721015651,22.6909773349762
0.108622200447731,1.22013664245605,2.23222916887428,0.480660910909971,1.01581388458219,0.192589552441782,11.8374031354735,-2.23684798880223,22.7907090187073
0.0960849928376309,1.20211279392242,2.21623740966007,0.425034183833295,1.13976905227174,0.258651990569353,11.8376185148815,-2.22935364977167,22.8885810375214
0.0933839423660938,1.28378558158875,2.1901202690334,0.369002554686455,1.13976905227174,0.258651990569353,11.8391869805372,-2.21847489910197,22.9886388778687
0.0959509183957308,1.24575531482697,2.15898240395048,0.312459250989339,1.23888681731905,0.267367558105664,11.841249923125,-2.21074871487816,23.0867717266083
0.0984398418600347,1.30835449695587,2.11730594371275,0.257250263065434,1.23888681731905,0.267367558105664,11.8455322559214,-2.20008660297619,23.1862392425537
0.113230376369647,1.24403238296509,2.07739255331506,0.216701481363699,1.23888681731905,0.267367558105664,11.8510003399259,-2.19055126572213,23.2859950065613
0.0961167840687592,1.17279362678528,2.0391325808838,0.188507125968988,1.38472817154106,0.280124199677532,11.8557418023074,-2.18411153696853,23.3839523792267
0.0958627970536585,1.09939885139465,1.9927868454294,0.158397788864384,1.38472817154106,0.280124199677532,11.8632602510182,-2.17609469970017,23.4834840297699
0.0930930312974716,1.18682408332825,1.95178917090069,0.150549374183546,1.46240637068571,0.240770589124605,11.8690111988872,-2.1712853586734,23.5822911262512
0.0962110948819783,1.2455245256424,1.90982169922088,0.143548719213976,1.55473882130319,0.187681027738027,11.8786760886831,-2.16507321784204,23.6809747219086
0.113059366842965,1.35089123249054,1.86064373028771,0.136018040114267,1.55473882130319,0.187681027738027,11.8896209148998,-2.16018076986976,23.7903649806976
0.109759544075495,1.35611820220947,1.81538466977603,0.146973567040246,1.63667976789239,0.0959559190420874,11.9002001091871,-2.15720038247356,23.8905618190765
0.100835881188546,1.29130399227142,1.78367406158124,0.151694507737618,1.63667976789239,0.0959559190420874,11.9091027803183,-2.15591982794917,23.9887807369232
0.0962928150498205,1.26104938983917,1.74580086708487,0.152256623254304,1.71369949054077,-0.0304796717555839,11.9190944960948,-2.1557434048372,24.0878098011017
0.100899718900707,1.23301959037781,1.70992917834231,0.176502908965309,1.71369949054077,-0.0304796717555839,11.9290217824636,-2.15688094699543,24.1876683235168
0.0960444097323209,1.15324306488037,1.66056396836918,0.201685568526261,1.76130469156481,-0.167768772473319,11.9377562841441,-2.15902919442413,24.2855358123779
0.103330809568248,1.11264586448669,1.6256891792406,0.230116603211039,1.76130469156481,-0.167768772473319,11.9484376143723,-2.1632597317368,24.3854515552521
0.100585125026311,1.12728047370911,1.6068825582232,0.26124245675602,1.78211502710611,-0.27980457062097,11.9558206971662,-2.16746024859349,24.4843060970306
0.0961237028136948,1.14370036125183,1.58682536215081,0.291288737517177,1.78211502710611,-0.27980457062097,11.9641914686927,-2.17378608931355,24.583146572113
0.0988627501823777,1.16056656837463,1.5654536437814,0.315243971827822,1.80888584204817,-0.400526736526481,11.9705650054984,-2.18013030175472,24.6820733547211
0.0910093338778452,1.24735486507416,1.55455728624671,0.342598914058476,1.80888584204817,-0.400526736526481,11.9766602175912,-2.18804976027721,24.7920994758606
0.103341561833938,1.29126346111298,1.55202460061279,0.375142528641214,1.81584208515976,-0.54519912180207,11.9823030317998,-2.19805613544812,24.890789270401
0.113284931701178,1.26226401329041,1.54613510810441,0.417740726969078,1.81584208515976,-0.54519912180207,11.9861041290871,-2.20836591012069,24.9906060695648
0.0959572452583227,1.29098844528198,1.55977576672367,0.468612797822217,1.78409462194233,-0.663055766127334,11.9878168185031,-2.21617599479578,25.0888614654541
0.0986775359820573,1.31401407718658,1.58382535261582,0.499522265012178,1.78409462194233,-0.663055766127334,11.988734028536,-2.22762737696776,25.1878409385681
0.0985382516056031,1.34931516647339,1.63859910768426,0.530655679806203,1.75043588356024,-0.753698024092656,11.9882341739776,-2.23560635380411,25.2866926193237
0.0930744632093564,1.37402200698853,1.69048339880021,0.559961562764087,1.75043588356024,-0.753698024092656,11.986146126761,-2.24588679298786,25.3869733810425
0.111171981642313,1.30972754955292,1.72535553402698,0.579166358216876,1.70110232109133,-0.846685024639491,11.982118082217,-2.25664397017994,25.4844682216644
0.0963446483651321,1.33163595199585,1.75366242101183,0.603555137690963,1.70110232109133,-0.846685024639491,11.9785284581647,-2.26322444991408,25.5841445922852
0.0958663192236137,1.3827451467514,1.79365652119218,0.621573624917037,1.57910333666347,-0.889065100450572,11.9716728410201,-2.27244124737629,25.6830983161926
0.0985926819496869,1.38118600845337,1.83790033403556,0.639430540593473,1.57910333666347,-0.889065100450572,11.9660125810285,-2.27808685044162,25.7822630405426
0.0949264847043297,1.33081936836243,1.86842142092203,0.656636084746731,1.39930612625962,-0.908183521898346,11.9563414437493,-2.28516492981316,25.892192363739
0.110148588158242,1.33350229263306,1.90647452691111,0.664229885706802,1.39930612625962,-0.908183521898346,11.9465306471792,-2.29011585788818,25.9909629821777
0.10359606295842,1.45894467830658,1.93799217519136,0.660450118267147,1.2671038824851,-0.85843087912235,11.9375081253225,-2.29306102893621,26.0897362232208
0.0956812631508415,1.36482548713684,1.96389641453854,0.647013546827368,1.2671038824851,-0.85843087912235,11.9281537459709,-2.29467345292903,26.1890099048615
0.105677911356958,1.35072886943817,2.00518931843348,0.628519667277216,1.1146317011634,-0.79432640302876,11.9166696220956,-2.29482030440914,26.2888069152832
0.0986451668334909,1.35281264781952,2.04031328888726,0.610915068647364,1.1146317011634,-0.79432640302876,11.9087594806524,-2.29366802895432,26.3875765800476
0.095889911124945,1.30589163303375,2.06605953792794,0.589460293744089,1.1146317011634,-0.79432640302876,11.8982400372964,-2.29049200676944,26.4871463775635
0.0703777605195092,1.2872838973999,2.07949110810429,0.560901049938796,1.02056454351433,-0.715701380611708,11.8955481067471,-2.28917547878192,26.5857489109039
0.096413538154462,1.2952880859375,2.09304608901459,0.529661186771277,1.02056454351433,-0.715701380611708,11.8823921702871,-2.28009058098497,26.6843278408051
0.136521767251925,1.34339499473572,2.10913705201696,0.497716134253414,0.922925777780632,-0.619979865121049,11.8744470537334,-2.27250479337618,26.7835581302643
0.0932752487232378,1.38986480236053,2.12480705974583,0.460739853592252,0.889866495083367,-0.510284844286554,11.869871131828,-2.26656840177209,26.8828437328339
0.0881044899159584,1.45236015319824,2.14384410849524,0.412910721470482,0.889866495083367,-0.510284844286554,11.8645669858797,-2.25694924197233,26.9912521839142
0.103208342708959,1.47682011127472,2.15686098279132,0.36792584054128,0.865580967285904,-0.39583389264914,11.8612936408504,-2.24698906766118,27.0901923179626
0.0859129824473966,1.57806527614594,2.16598038772452,0.325779044773508,0.865580967285904,-0.39583389264914,11.8602732443624,-2.2405742850785,27.189316034317
0.0883914379889829,1.5026593208313,2.17276289209177,0.283947290589692,0.911452203601926,-0.249852981840406,11.8603006482669,-2.2295909638925,27.2884006500244
0.108154901355538,1.42102444171906,2.16429863696143,0.242050980318738,0.911452203601926,-0.249852981840406,11.8621929723198,-2.21927532773664,27.3882479667664
0.0856610316062819,1.46765494346619,2.13836281241441,0.198373382895133,0.970641816829128,-0.139450772718645,11.8642805928588,-2.21312410866272,27.4863550662994
0.0832368417354545,1.52364385128021,2.10432867815262,0.152181537513335,0.970641816829128,-0.139450772718645,11.8689404266626,-2.20429361619808,27.5869200229645
0.0856807891946141,1.51142704486847,2.07006364190358,0.100495503787324,1.07248940634124,-0.0640343848688983,11.8731683727669,-2.19872131011587,27.6845757961273
0.0911478915262179,1.50486981868744,2.03837572832379,0.0583872180239173,1.07248940634124,-0.0640343848688983,11.8811496088665,-2.19117680920932,27.7837302684784
0.105913800029629,1.48071026802063,1.99214362136354,0.0212496610218114,1.18508415782369,-0.027055123704975,11.8895407018048,-2.18576034192824,27.8830208778381
0.0957586472854677,1.43748712539673,1.92798486040602,-0.00694041803407086,1.18508415782369,-0.027055123704975,11.8977940935925,-2.1821944847074,27.9826254844666
0.0885320375863078,1.43457508087158,1.87114446203579,-0.0181406959084564,1.33004043672729,-0.0209146049007136,11.9069922172375,-2.17986035079781,28.0924682617188
0.0912127621931877,1.48189675807953,1.81248372122661,-0.0345163566257198,1.33004043672729,-0.0209146049007136,11.9164524475009,-2.1791610044077,28.1913352012634
0.0834188175577183,1.44832837581635,1.75906306849267,-0.0325900276514898,1.42463404097744,-0.0422542497419268,11.9234232793261,-2.17974547271965,28.2899351119995
0.0883328841667802,1.38435971736908,1.69883490897828,-0.0243045001483889,1.42463404097744,-0.0422542497419268,11.9336019828052,-2.18225821135997,28.3893165588379
0.10601257637228,1.46528840065002,1.64181606010669,-0.0172172608951822,1.55005339840611,-0.11080857699028,11.9431243845301,-2.18664497843584,28.4884629249573
0.0857838180673425,1.60938382148743,1.58372160515579,0.0116552472810507,1.55005339840611,-0.11080857699028,11.9485233433396,-2.19025679979779,28.5881168842316
0.0808198065614579,1.62985682487488,1.52764455978191,0.0250578621595592,1.63610114663922,-0.217317510475849,11.9554800330163,-2.19670538243856,28.686311006546
0.0810728811485697,1.52657556533813,1.46836726693062,0.0481954803800959,1.63610114663922,-0.217317510475849,11.9594853275045,-2.2018190851572,28.7844455242157
0.0831420283530423,1.48983907699585,1.41923066173117,0.086780065873664,1.68994818811749,-0.368016000411775,11.9643172484708,-2.21055694182542,28.8843727111816
0.103437988745922,1.55034804344177,1.37907668476605,0.131824954369659,1.68994818811749,-0.368016000411775,11.9675559466561,-2.22052810849642,28.9831609725952
0.0835646441630613,1.52490746974945,1.35449059174494,0.181512824549217,1.7096395776047,-0.508979191422573,11.9684578904981,-2.22645535242362,29.082451581955
0.0800737906254544,1.51420950889587,1.34377887327961,0.23225088330234,1.7096395776047,-0.508979191422573,11.9682898109611,-2.23743609108995,29.1927533149719
0.0981958942039939,1.55952620506287,1.33262979467485,0.291953240921648,1.70174464014973,-0.65625518491812,11.9663716864256,-2.24672756681458,29.2906699180603
0.0810762396929822,1.5103086233139,1.33101975899139,0.341410219135292,1.70174464014973,-0.65625518491812,11.9641084864893,-2.25281623956198,29.3896820545197
0.0783828959499095,1.47164809703827,1.33292793169217,0.38512583158158,1.65065365096736,-0.779080945000715,11.9596953947027,-2.26064467810332,29.4886901378632
0.0831704684958102,1.53073668479919,1.34380967758933,0.425811694143831,1.65065365096736,-0.779080945000715,11.9548617366011,-2.26636487122364,29.5885195732117
0.0654021968982729,1.52616477012634,1.36108117493809,0.449154543365589,1.5660372074085,-0.902982947657172,11.9506787109817,-2.26992906384481,29.6874771118164
0.0758581501138563,1.53929340839386,1.3937186539094,0.469643183246825,1.5660372074085,-0.902982947657172,11.9425705012577,-2.27485477456834,29.7861070632935
0.0782768968722957,1.56310307979584,1.43390453481233,0.500077373467792,1.42898905935345,-0.981854339989321,11.9370039746002,-2.27707853219662,29.8851401805878
0.0707015707375963,1.5448762178421,1.46711634324224,0.512362447462123,1.42898905935345,-0.981854339989321,11.9292079286766,-2.27883189411563,29.9881525039673
0.0835997430614066,1.51185619831085,1.50656729412014,0.51712382072875,1.30023855193661,-1.00495020538377,11.9207285931072,-2.27919866113334,30.0825977325439
0.0709148896333279,1.47952389717102,1.5454801238947,0.517240898007103,1.30023855193661,-1.00495020538377,11.915268341564,-2.27856972122331,30.1814601421356
0.0641625296598093,1.45392417907715,1.59216799481579,0.509227628688468,1.14354214943641,-1.00348722804431,11.907576383767,-2.27641559753789,30.2916743755341
0.0868322220410593,1.4352753162384,1.64555656599331,0.507485097911001,1.14354214943641,-1.00348722804431,11.898650160178,-2.27194187641483,30.3907299041748
0.0858513212991289,1.44466543197632,1.6883839001373,0.490457275814461,1.00917870683533,-0.953304326263294,11.893042467722,-2.26776445531742,30.4892251491547
0.0783434201088678,1.44992434978485,1.73305653028223,0.452611461514905,1.00917870683533,-0.953304326263294,11.8871299571474,-2.26167060286697,30.5890891551971
0.0757847787242523,1.32230150699615,1.77378389281584,0.408021828744254,0.916989921392282,-0.887554381891247,11.8834175538059,-2.25634367637162,30.687362909317
0.0328516513028913,1.01398873329163,1.80529975566658,0.360481461409458,0.916989921392282,-0.887554381891247,11.8834175538059,-2.25634367637163,30.7872197628021
-1.36002320516582e-14,0.209244802594185,1.82692958308529,0.319059499920882,0.842781759726578,-0.810560764423098,11.8834175538059,-2.25634367637163,30.8857085704803
-0.00251269496415149,-0.0676253512501717,1.82936144258968,0.310199633832397,0.842781759726578,-0.810560764423098,11.8835765773083,-2.25681771060236,30.9856653213501
-0.00251269496413354,-0.019501056522131,1.82564068724145,0.313673318869249,0.861601933334606,-0.813002510766206,11.8835765773083,-2.25681771060236,31.0845634937286
0.00253519129459494,-0.00895458366721869,1.82828263748066,0.310375982759251,0.861601933334606,-0.813002510766206,11.8834184389549,-2.25634337712998,31.1866991519928
8.09940378694021e-06,-0.00466327369213104,1.83280287998907,0.310559381376328,0.864064139056963,-0.823679368110786,11.8835770204379,-2.256817562637,31.2814266681671
-0.00252709189079472,-0.00159822311252356,1.83556626395338,0.311195791720659,0.864064139056963,-0.823679368110786,11.8835770204379,-2.256817562637,31.380720615387
-0.00226899201680967,0.000342701154295355,1.84215837907552,0.327088056501597,0.869827513308685,-0.832488882026393,11.8837360449121,-2.25729159976468,31.4907867908478
-0.00226899201680967,0.00114207668229938,1.85177497243379,0.339128944213489,0.869827513308685,-0.832488882026393,11.8837360449121,-2.25729159976468,31.5901565551758
-1.66099772824779e-16,1.39841285999864e-05,1.86238225639849,0.353511252914165,0.873865951241976,-0.845078508103141,11.8837360449121,-2.25729159976468,31.6888732910156
-1.66099772824779e-16,1.17032323032618e-06,1.87905022051437,0.369101692555154,0.873865951241976,-0.845078508103141,11.8837360449121,-2.25729159976468,31.7879474163055
-1.66099772824779e-16,0.0010098135098815,1.89244737876946,0.37959071025252,0.878047241527658,-0.856719842080102,11.8837360449121,-2.25729159976468,31.8885405063629
-1.66099772824779e-16,0.00124652590602636,1.90671610227554,0.390858858164607,0.878047241527658,-0.856719842080102,11.8837360449121,-2.25729159976468,31.9872324466705
-1.66099772824779e-16,-0.000451932835858315,1.91908612215162,0.398286168290252,0.878777024570528,-0.87157052860208,11.8837360449121,-2.25729159976468,32.0846037864685
-1.66099772824779e-16,-0.000787655415479094,1.93518538709185,0.40396167731824,0.878777024570528,-0.87157052860208,11.8837360449121,-2.25729159976468,32.183779001236
-1.66099772824779e-16,-0.000295197882223874,1.94777839300379,0.407328352360073,0.875520176759202,-0.88494875060921,11.8837360449121,-2.25729159976468,32.2825558185577
-1.66099772824779e-16,-0.00117476820014417,1.96052573413453,0.411339555085478,0.875520176759202,-0.88494875060921,11.8837360449121,-2.25729159976468,32.3816938400269
-1.66099772824779e-16,0.000274324382189661,1.97358677876098,0.418325792235037,0.873309282588505,-0.902907896445001,11.8837360449121,-2.25729159976468,32.4914038181305
-1.66099772824779e-16,0.00146528542973101,1.98707464914009,0.424296002172623,0.873309282588505,-0.902907896445001,11.8837360449121,-2.25729159976468,32.5906176567078
-1.66099772824779e-16,0.00456367107108235,2.00019316087072,0.431821095723516,0.852273148949194,-0.926337851925401,11.8837360449121,-2.25729159976468,32.6897180080414
-1.66099772824779e-16,0.00013651282642968,2.01424319513205,0.440813813091055,0.852273148949194,-0.926337851925401,11.8837360449121,-2.25729159976468,32.7896158695221
-1.66099772824779e-16,0.000893084157723933,2.02863060379867,0.450095774416033,0.840966364091321,-0.948766529673085,11.8837360449121,-2.25729159976468,32.8875031471252
-1.66099772824779e-16,0.00143520510755479,2.03735199177448,0.452666676909008,0.840966364091321,-0.948766529673085,11.8837360449121,-2.25729159976468,32.9866168498993
-1.66099772824779e-16,0.00278217345476151,2.04879763116239,0.458845916082026,0.825896472537674,-0.971027469306136,11.8837360449121,-2.25729159976468,33.0859417915344
-1.66099772824779e-16,0.0016347145428881,2.06096927910917,0.467731380217458,0.825896472537674,-0.971027469306136,11.8837360449121,-2.25729159976468,33.1846876144409
-1.66099772824779e-16,0.00134769408032298,2.07698674668834,0.476437567590158,0.812665432489721,-0.992241723868321,11.8837360449121,-2.25729159976468,33.2840297222137
-1.66099772824779e-16,-0.000140391755849123,2.09146963006175,0.483015932314205,0.812665432489721,-0.992241723868321,11.8837360449121,-2.25729159976468,33.3830878734589
-1.66099772824779e-16,-0.0022677187807858,2.10323041341647,0.488406172453469,0.80592455041011,-1.01069553293718,11.8837360449121,-2.25729159976468,33.4824237823486
-1.66099772824779e-16,0.00251162447966635,2.11464853340125,0.49729547781872,0.80592455041011,-1.01069553293718,11.8837360449121,-2.25729159976468,33.5917687416077
-1.66099772824779e-16,0.00379380211234093,2.12597569513082,0.504901484430871,0.795352434811448,-1.03210801584416,11.8837360449121,-2.25729159976468,33.6911633014679
-1.66099772824779e-16,0.00127418688498437,2.1364658427287,0.512543702717723,0.795352434811448,-1.03210801584416,11.8837360449121,-2.25729159976468,33.7899653911591
-1.66099772824779e-16,0.00177004316356033,2.14555818514582,0.517209353911628,0.791850167848921,-1.04995101015885,11.8837360449121,-2.25729159976468,33.8885052204132
-1.66099772824779e-16,0.00128413666971028,2.15292810400496,0.519188303215676,0.791850167848921,-1.04995101015885,11.8837360449121,-2.25729159976468,33.9875450134277
-1.66099772824779e-16,-0.00342752784490585,2.16435819215061,0.524359767694767,0.789854125207606,-1.06678878254304,11.8837360449121,-2.25729159976468,34.0871193408966
-1.66099772824779e-16,0.00208187336102128,2.17260691617223,0.525822950050213,0.789854125207606,-1.06678878254304,11.8837360449121,-2.25729159976468,34.1862082481384
-1.66099772824779e-16,-0.00123301101848483,2.18056046651615,0.529110758727606,0.785878533328734,-1.0848717113271,11.8837360449121,-2.25729159976468,34.2854070663452
-1.66099772824779e-16,0.00125853472854942,2.1898790165474,0.529632582123782,0.785878533328734,-1.0848717113271,11.8837360449121,-2.25729159976468,34.383882522583
-1.66099772824779e-16,-0.00215534307062626,2.19742482790937,0.526639933429971,0.776174010701327,-1.10470031581249,11.8837360449121,-2.25729159976468,34.4830994606018
-1.66099772824779e-16,-0.00131736439652741,2.20590327760845,0.526007893220872,0.776174010701327,-1.10470031581249,11.8837360449121,-2.25729159976468,34.5820944309235
-1.66099772824779e-16,0.00209224806167185,2.21955275916686,0.532703270212264,0.776174010701327,-1.10470031581249,11.8837360449121,-2.25729159976468,34.6808149814606
-1.66099772824779e-16,-0.000625501095782965,2.23131161841029,0.534611015478759,0.770511362509903,-1.12384594850468,11.8837360449121,-2.25729159976468,34.7906332015991
-1.66099772824779e-16,0.00145064014941454,2.24334948603062,0.537792635192751,0.756137600273802,-1.14239386251772,11.8837360449121,-2.25729159976468,34.8899250030518
-1.66099772824779e-16,0.000200230249902233,2.25808338583112,0.542142771769866,0.756137600273802,-1.14239386251772,11.8837360449121,-2.25729159976468,34.9883999824524
-1.66099772824779e-16,0.00269574369303882,2.27023223586472,0.547258069196156,0.74497229681512,-1.16106137650164,11.8837360449121,-2.25729159976468,35.0882182121277
-1.66099772824779e-16,0.000439386494690552,2.28982306688197,0.553891936920312,0.74497229681512,-1.16106137650164,11.8837360449121,-2.25729159976468,35.1885855197906
-1.66099772824779e-16,0.000230887235375121,2.30244839444332,0.556742882172075,0.736912214912787,-1.17890420390064,11.8837360449121,-2.25729159976468,35.2866780757904
-1.66099772824779e-16,0.0012808934552595,2.31768501604603,0.557674936142956,0.736912214912787,-1.17890420390064,11.8837360449121,-2.25729159976468,35.3848307132721
-1.66099772824779e-16,0.00260718236677349,2.33130721554693,0.55872444360147,0.726473577104764,-1.19593037774116,11.8837360449121,-2.25729159976468,35.4837965965271
-1.66099772824779e-16,0.0049709933809936,2.34748319921522,0.564169427560054,0.726473577104764,-1.19593037774116,11.8837360449121,-2.25729159976468,35.582569360733
-1.66099772824779e-16,0.000214927713386714,2.36371387305446,0.561823052330117,0.725518479753755,-1.21119575102494,11.8837360449121,-2.25729159976468,35.6874353885651
-1.66099772824779e-16,-0.00398665014654398,2.37889236479888,0.558784974570981,0.725518479753755,-1.21119575102494,11.8837360449121,-2.25729159976468,35.7811186313629
-1.66099772824779e-16,3.90940404031426e-05,2.37889236479888,0.558784974570981,0.725518479753755,-1.21119575102494,11.8837360449121,-2.25729159976468,35.8905754089355
